,Latitude,Longitude,Dec 25
0,33.18,-86.78,0.0
1,32.94,-85.96,0.0
2,33.59,-85.85,0.0
3,34.78,-86.95,0.0
4,33.45,-87.36,0.0
5,34.69,-86.88,0.0
6,33.4,-87.01,0.0
7,33.21,-88.29,0.0
8,32.66,-86.72,0.0
9,33.57,-86.74,0.0
10,34.2,-86.16,0.0
11,34.98,-85.8,0.0
12,33.45,-86.72,0.0
13,33.09,-86.75,0.0
14,34.15,-85.68,0.0
16,34.21,-86.8,0.0
17,30.25,-88.14,0.0
18,34.58,-86.93,0.0
19,34.66,-86.94,0.0
20,31.19,-85.37,0.0
23,31.42,-87.05,0.0
24,34.84,-87.57,0.0
25,34.44,-85.72,0.0
26,31.04,-85.87,0.0
27,34.33,-86.33,0.0
31,34.74,-86.7,0.0
32,34.64,-86.79,0.0
33,34.29,-86.57,0.0
34,34.96,-87.37,0.0
35,30.61,-88.06,0.0
36,30.69,-88.25,0.0
38,32.3,-86.41,0.0
39,34.49,-87.3,0.0
40,34.74,-87.6,0.0
41,34.76,-87.64,0.0
42,33.93,-86.42,0.0
43,34.55,-86.44,0.0
45,34.17,-86.81,0.0
46,34.29,-85.97,0.0
47,34.67,-86.05,0.0
48,31.86,-86.01,0.0
49,33.21,-87.62,0.0
50,33.21,-87.62,0.0
52,34.26,-86.9,0.0
53,34.73,-86.21,0.0
0,35.02,-94.16,0.0
1,34.67,-92.51,0.0
2,35.93,-91.06,0.0
3,34.8,-92.84,0.0
4,34.03,-93.43,0.0
7,35.76,-91.64,0.0
8,34.57,-92.6,0.0
10,33.31,-92.49,0.0
16,34.05,-94.4,0.0
17,34.05,-94.35,0.0
19,33.22,-92.81,0.0
21,36.01,-94.17,0.0
24,33.72,-94.4,0.0
25,35.33,-94.37,0.0
26,35.99,-92.72,0.0
28,35.52,-92.0,0.0
30,36.27,-93.16,0.0
31,35.51,-92.0,0.0
32,33.71,-93.56,0.0
36,35.85,-90.66,0.0
37,36.27,-92.19,0.0
39,33.36,-93.57,0.0
40,34.73,-92.24,0.0
42,33.26,-93.18,0.0
43,34.88,-92.35,0.0
44,35.91,-92.66,0.0
45,36.23,-93.6,0.0
47,33.64,-91.76,0.0
49,34.55,-93.58,0.0
50,36.35,-92.39,0.0
51,35.84,-92.1,0.0
54,33.93,-93.85,0.0
55,35.6,-91.27,0.0
56,34.82,-92.25,0.0
57,34.84,-92.26,0.0
60,36.03,-90.5,0.0
64,33.82,-93.39,0.0
69,33.46,-93.99,0.0
70,35.12,-90.18,0.0
1,34.6,-113.17,0.0
3,36.68,-110.54,1.0
5,36.21,-112.06,21.0
6,36.15,-109.54,0.0
7,33.82,-111.9,0.0
8,33.69,-111.97,0.0
9,34.77,-112.53,0.0
10,34.32,-112.12,0.0
13,35.22,-111.47,0.0
15,35.38,-111.73,18.0
16,35.17,-111.68,2.0
17,35.16,-111.67,2.5
18,35.17,-111.68,1.6
19,35.16,-111.68,2.5
22,35.16,-111.73,0.0
25,35.14,-111.67,3.9
27,34.11,-111.28,0.0
28,36.04,-111.83,1.0
30,34.39,-110.56,0.0
31,34.75,-112.11,0.0
32,34.11,-109.86,2.0
33,35.04,-111.02,0.0
34,34.61,-111.84,0.0
37,32.39,-110.7,0.0
38,34.32,-111.45,0.0
42,34.23,-111.34,0.0
47,36.11,-112.09,0.0
48,33.43,-112.0,0.0
53,31.8,-109.1,0.0
54,34.57,-112.43,0.0
71,32.52,-110.9,0.0
72,32.81,-109.68,0.0
73,34.52,-109.4,0.0
74,35.22,-109.32,0.0
76,35.33,-112.88,0.0
78,34.19,-110.01,0.0
80,34.26,-110.01,0.0
82,31.68,-110.66,0.0
86,33.97,-109.56,15.0
87,35.37,-111.54,0.0
88,33.66,-112.42,0.0
89,36.92,-109.09,0.0
90,33.43,-111.92,0.0
92,32.17,-111.13,0.0
93,34.77,-112.03,0.0
95,34.93,-112.81,0.0
96,34.31,-112.56,0.0
99,35.19,-112.18,3.0
100,35.52,-111.37,0.0
0,38.22,-121.2,0.0
1,41.19,-120.94,11.0
2,37.4,-119.74,0.0
3,39.21,-123.77,0.0
4,41.51,-120.36,14.0
7,35.43,-119.06,0.0
8,34.89,-117.02,0.0
9,34.85,-116.79,0.0
10,39.82,-120.32,12.0
12,34.24,-116.92,0.0
17,39.39,-120.09,17.0
22,41.53,-120.18,9.0
23,39.45,-121.28,0.0
24,40.3,-121.24,29.0
26,41.98,-122.34,1.0
28,34.24,-117.27,0.0
29,32.99,-116.59,0.0
30,36.46,-116.87,0.0
32,40.42,-123.58,0.0
33,41.96,-121.92,4.0
35,41.18,-122.28,2.0
36,33.81,-115.45,0.0
39,41.51,-122.92,9.5
42,40.81,-124.16,0.0
43,34.71,-118.43,0.0
45,40.57,-124.14,0.0
47,36.78,-119.72,0.0
49,34.17,-118.29,0.0
51,36.74,-118.96,13.0
55,37.84,-120.23,0.0
56,37.46,-122.44,0.0
57,36.31,-119.62,0.0
61,33.76,-116.71,0.0
63,35.63,-117.98,0.0
65,34.15,-116.27,0.0
80,36.99,-120.11,0.0
86,37.29,-120.52,0.0
87,34.09,-116.56,0.0
88,37.88,-121.93,0.0
91,41.32,-122.32,5.0
93,32.87,-116.42,0.0
94,39.25,-121.0,0.0
98,38.0,-120.49,0.0
101,34.59,-118.09,0.0
105,34.5,-117.9,0.0
108,39.81,-120.47,19.0
110,39.94,-120.95,3.0
112,33.83,-118.39,0.0
114,37.77,-122.43,0.0
116,34.59,-118.45,0.0
118,40.5,-121.84,3.5
121,37.31,-122.18,0.0
122,37.51,-119.63,7.0
123,39.3,-120.38,88.0
124,37.97,-120.39,0.0
126,37.0,-121.94,0.0
127,38.88,-120.03,27.0
128,40.42,-120.66,10.0
129,40.37,-120.67,12.5
131,39.17,-120.14,31.0
132,39.06,-120.13,34.0
136,35.76,-117.39,0.0
138,41.96,-121.47,3.0
140,34.07,-118.44,0.0
142,39.52,-120.03,10.0
143,36.33,-119.3,0.0
152,41.73,-122.65,6.0
153,34.13,-116.39,0.0
0,37.32,-104.95,1.0
1,37.36,-104.77,0.0
2,40.16,-103.14,0.0
3,37.47,-105.86,0.0
4,37.44,-105.86,0.0
5,40.19,-105.5,6.0
7,39.5,-108.38,3.0
8,38.99,-105.89,1.0
9,39.69,-103.15,0.0
10,38.85,-102.18,0.0
11,38.68,-102.16,0.0
14,39.85,-105.16,0.0
15,39.79,-105.16,0.0
17,39.19,-106.84,16.0
20,39.75,-104.85,0.0
23,38.26,-104.35,0.0
25,39.38,-106.92,11.5
26,37.31,-107.61,14.5
27,37.31,-107.61,14.0
28,37.32,-107.6,14.0
29,37.34,-107.61,14.0
34,40.28,-105.16,0.0
35,38.05,-105.0,0.0
36,38.55,-107.69,8.0
37,39.04,-104.74,1.0
38,39.1,-104.64,1.0
41,38.19,-106.1,0.5
43,39.66,-102.12,0.0
44,39.99,-105.27,0.0
48,40.04,-105.28,0.0
49,39.99,-105.26,0.0
51,40.05,-105.28,0.0
52,39.99,-105.24,0.0
55,40.04,-105.29,0.0
56,39.99,-105.26,0.0
57,39.99,-105.26,0.0
62,40.0,-105.18,0.0
63,40.06,-105.17,0.0
64,40.63,-104.33,0.0
68,39.94,-105.08,0.0
69,39.88,-105.11,0.0
70,39.99,-105.05,0.0
76,38.82,-106.13,1.0
77,38.86,-106.21,3.0
78,39.31,-102.26,0.0
79,39.66,-105.71,9.0
80,37.01,-102.55,0.0
81,38.46,-105.23,0.0
85,39.46,-107.18,8.0
87,39.4,-107.11,6.5
88,39.43,-107.11,8.5
89,39.41,-104.91,0.0
94,39.61,-104.94,0.0
96,39.58,-105.08,0.0
97,39.22,-105.28,0.0
98,38.12,-103.51,0.0
99,37.04,-106.76,12.0
102,39.08,-108.44,1.0
103,39.37,-106.19,38.0
104,38.44,-106.76,3.0
105,39.24,-107.96,3.0
106,39.24,-107.98,2.0
109,38.86,-104.82,0.0
110,39.0,-104.72,0.7
111,39.03,-104.75,1.0
114,38.91,-104.85,0.0
118,38.82,-104.7,0.0
119,38.81,-104.69,0.0
120,39.51,-105.34,1.0
121,39.49,-105.35,0.5
123,39.47,-105.39,0.0
124,37.34,-108.6,0.0
126,37.32,-108.56,0.0
129,37.85,-106.93,6.0
130,37.83,-106.93,3.0
131,38.87,-106.98,33.0
133,38.96,-106.99,41.0
134,37.98,-105.69,1.0
135,37.98,-105.69,1.0
136,37.93,-105.65,0.5
137,38.8,-105.2,1.0
138,38.81,-105.23,0.5
144,37.68,-106.29,0.0
145,37.69,-106.31,0.0
147,39.73,-104.96,0.0
151,39.73,-104.95,0.0
160,39.7,-105.1,0.0
164,39.63,-105.05,0.0
166,39.85,-104.66,0.0
167,39.73,-105.01,0.0
168,39.77,-104.87,0.0
170,39.62,-106.03,10.0
171,39.6,-106.01,9.0
172,40.24,-109.01,7.0
173,38.96,-105.22,1.0
174,38.86,-105.18,0.5
177,40.41,-105.41,0.8
178,37.3,-107.89,6.2
180,37.25,-107.95,12.0
181,37.26,-107.79,8.0
182,37.16,-107.86,1.0
184,38.48,-102.78,0.0
188,39.16,-104.5,0.8
190,39.38,-104.63,0.0
191,39.28,-104.65,0.5
192,38.74,-104.4,0.0
193,39.67,-104.99,0.0
195,40.07,-105.03,0.0
198,40.35,-105.52,4.5
200,40.28,-105.37,1.0
201,40.33,-105.52,3.9
204,39.64,-105.32,1.0
205,39.65,-105.34,0.5
207,39.62,-105.31,1.0
210,39.58,-105.28,0.8
211,39.64,-105.41,1.5
212,39.61,-105.44,1.5
214,39.23,-106.05,7.0
216,40.58,-105.09,0.0
217,40.6,-105.12,0.0
218,40.6,-105.12,0.0
220,40.54,-105.12,0.0
223,40.57,-104.98,0.0
224,40.59,-104.93,0.0
225,40.37,-105.24,0.0
226,40.65,-102.86,0.0
230,40.58,-105.09,0.0
231,40.55,-105.07,0.0
232,40.57,-105.07,0.0
233,40.54,-105.05,0.0
235,40.54,-105.11,0.0
236,40.55,-105.13,0.0
237,40.5,-105.07,0.0
240,40.63,-105.06,0.0
242,37.23,-108.05,26.0
244,40.26,-103.87,0.0
247,39.37,-104.68,0.4
250,39.14,-108.73,0.0
253,38.69,-108.96,0.0
254,39.69,-105.29,0.5
255,39.71,-105.7,3.0
256,38.95,-109.05,3.0
258,39.05,-104.83,0.5
259,39.54,-107.33,2.0
260,39.57,-107.35,3.8
262,39.46,-107.32,4.3
264,39.88,-105.39,2.0
266,40.51,-106.01,17.0
273,39.09,-108.51,1.0
275,39.08,-108.62,0.0
278,39.04,-108.51,1.0
281,39.09,-108.47,1.0
283,39.1,-108.7,0.0
285,39.13,-108.54,1.2
287,40.27,-105.83,15.0
290,37.73,-105.51,0.0
291,40.43,-104.75,0.0
292,40.4,-104.75,0.0
293,40.4,-104.7,0.0
295,38.75,-105.62,2.4
297,38.55,-106.93,2.0
302,40.49,-107.25,12.0
303,37.75,-107.1,3.0
304,37.11,-108.14,1.0
305,37.18,-108.15,3.8
306,39.55,-104.97,0.0
307,39.53,-105.01,0.0
309,39.54,-104.91,0.0
310,38.05,-102.13,0.0
311,40.55,-102.34,0.0
312,40.58,-102.31,0.0
313,38.82,-107.8,0.0
314,38.81,-107.81,0.0
315,38.86,-107.83,0.5
316,40.2,-105.18,0.0
320,38.8,-104.84,0.0
323,38.06,-102.93,0.0
324,40.99,-102.27,0.0
329,37.12,-103.3,0.0
330,37.45,-103.32,0.0
332,38.76,-102.8,0.0
333,40.06,-106.37,10.0
336,37.79,-106.34,0.0
337,37.98,-103.54,0.0
339,37.75,-103.48,0.0
343,39.99,-105.11,0.0
344,39.99,-105.11,0.0
346,38.05,-107.3,6.0
347,39.02,-105.49,1.0
348,38.91,-105.47,1.0
349,39.75,-105.12,0.0
350,39.69,-105.14,0.0
351,39.68,-105.14,0.0
353,38.09,-102.63,0.0
354,38.06,-103.22,0.0
355,39.16,-106.28,5.0
356,37.38,-107.66,20.0
357,40.51,-102.99,0.0
358,39.76,-103.5,0.0
359,39.59,-105.01,0.0
362,39.54,-105.1,0.0
367,40.18,-105.08,0.0
368,40.17,-105.08,0.0
369,40.2,-105.11,0.0
370,40.2,-105.13,0.0
372,40.14,-105.16,0.0
374,40.39,-105.31,0.2
377,40.43,-105.12,0.0
378,40.44,-105.08,0.0
381,40.23,-105.27,0.0
383,40.29,-105.27,0.0
384,40.28,-105.36,0.8
385,37.17,-105.94,0.0
387,37.33,-108.32,2.0
388,37.38,-108.35,3.5
389,37.29,-108.19,9.5
391,39.62,-105.07,0.0
392,40.52,-108.09,4.0
393,40.04,-107.91,4.0
394,39.09,-108.12,12.0
395,37.2,-108.49,6.0
397,37.58,-106.19,0.0
407,38.52,-107.75,1.0
410,39.1,-104.83,1.0
411,39.11,-104.86,1.0
412,39.06,-104.87,0.0
416,39.97,-105.51,0.8
417,39.99,-105.48,0.5
418,39.99,-105.44,0.5
419,39.97,-105.43,0.5
421,39.97,-105.4,0.5
422,40.08,-105.18,0.0
424,39.9,-105.01,0.0
425,40.77,-104.69,0.0
428,38.21,-103.82,0.0
429,40.16,-103.07,0.0
431,38.03,-107.67,1.0
433,37.27,-107.08,18.5
434,37.26,-106.93,11.5
435,37.19,-106.98,7.0
437,37.34,-107.15,24.0
440,39.11,-108.36,2.0
441,39.1,-108.37,2.0
442,39.12,-104.91,1.0
443,39.12,-104.91,1.0
445,38.39,-108.95,0.0
446,39.52,-104.8,0.0
449,40.09,-106.2,8.0
451,39.09,-104.53,1.5
452,38.96,-104.61,0.5
453,38.91,-104.56,0.5
454,38.6,-106.53,20.0
455,38.02,-108.05,3.0
457,38.34,-107.09,9.5
460,38.26,-104.55,0.0
462,38.29,-104.51,0.0
463,38.26,-104.72,0.0
466,38.33,-104.79,0.0
467,38.3,-104.79,0.0
469,39.83,-105.24,0.0
471,40.09,-108.77,1.0
474,37.14,-108.23,2.0
475,39.25,-107.24,4.5
478,38.2,-107.8,0.8
479,39.56,-107.73,3.0
482,38.04,-103.69,0.0
484,38.09,-105.35,1.0
485,39.43,-105.07,0.0
486,40.7,-105.71,3.0
487,38.84,-104.97,1.0
488,37.91,-104.92,0.0
490,37.91,-104.95,0.0
491,38.09,-106.15,0.0
494,38.63,-106.12,0.5
495,37.82,-107.11,9.0
496,38.4,-106.42,11.0
498,39.39,-104.95,0.0
499,40.87,-102.52,0.0
501,38.47,-102.3,0.0
503,39.59,-107.67,5.0
505,39.62,-106.1,19.2
506,39.9,-106.31,10.5
509,37.66,-106.62,14.0
511,40.49,-106.82,11.0
512,40.48,-106.81,14.0
517,39.43,-105.12,0.0
519,40.01,-105.89,17.0
520,38.34,-104.06,0.0
522,37.95,-107.87,9.0
523,39.45,-104.74,0.0
528,38.47,-102.08,0.0
529,37.18,-104.49,0.0
530,37.15,-104.56,0.0
532,39.64,-106.35,19.0
534,39.65,-106.33,10.1
535,39.63,-106.29,14.0
536,37.38,-107.58,11.0
537,39.98,-102.25,0.0
538,40.97,-105.22,1.0
540,40.74,-106.28,8.0
541,37.63,-104.8,0.0
543,37.38,-102.3,0.0
544,40.11,-105.44,2.0
545,40.43,-105.21,0.0
546,37.43,-106.03,0.0
547,38.13,-105.47,0.0
548,38.14,-105.46,0.1
551,39.9,-105.03,0.0
555,38.28,-104.52,0.0
557,39.77,-105.11,0.0
558,39.77,-105.12,0.0
562,40.47,-104.98,0.0
563,39.89,-105.76,28.0
565,40.08,-103.57,0.0
568,40.16,-106.91,5.0
569,40.08,-106.89,12.5
573,40.21,-102.81,0.0
0,41.35,-73.09,0.0
1,41.84,-73.01,2.0
8,42.0,-72.44,2.5
9,41.31,-72.15,0.5
12,41.06,-73.45,0.0
15,41.76,-72.59,0.5
17,41.84,-71.84,3.0
18,41.35,-72.24,1.0
22,41.61,-71.93,1.5
23,41.29,-72.67,1.0
26,41.94,-72.68,2.0
29,41.5,-72.56,1.0
32,41.34,-72.52,0.7
36,41.53,-72.85,0.2
37,41.51,-72.71,0.5
38,41.73,-71.85,2.5
39,41.36,-71.97,0.5
40,41.35,-71.98,0.7
46,41.34,-72.1,0.0
47,41.6,-73.47,0.5
48,41.51,-73.44,0.5
50,41.66,-72.74,0.4
52,41.31,-72.21,0.5
53,41.97,-73.22,1.0
54,41.89,-72.9,1.5
55,42.02,-72.82,2.0
58,41.13,-73.45,0.5
59,41.58,-72.08,1.5
60,41.53,-72.07,0.0
61,41.48,-72.21,1.0
64,41.35,-71.85,0.5
70,41.31,-73.16,0.0
71,41.98,-72.45,2.5
72,41.98,-72.48,1.5
74,41.61,-72.82,1.0
76,42.0,-72.26,2.0
78,41.35,-71.91,0.5
82,42.03,-72.63,2.0
84,41.69,-73.06,0.0
85,41.97,-72.18,3.0
86,41.86,-72.48,2.5
87,41.49,-72.85,0.5
90,41.6,-73.12,0.7
95,41.84,-72.22,1.0
97,41.96,-73.09,1.2
99,41.53,-73.22,0.5
4,39.67,-75.61,0.0
1,27.18,-81.35,0.0
2,27.59,-81.53,0.0
3,28.47,-82.45,0.0
4,28.06,-82.49,0.0
5,30.78,-85.55,0.0
6,30.78,-86.52,0.0
9,29.17,-81.07,0.0
10,30.39,-86.47,0.0
11,26.2,-80.18,0.0
12,26.08,-80.16,0.0
13,26.58,-81.86,0.0
14,26.54,-81.76,0.0
15,27.5,-80.38,0.0
16,27.57,-82.14,0.0
17,29.69,-82.28,0.0
18,26.0,-80.24,0.0
19,30.34,-81.51,0.0
20,30.5,-81.69,0.0
21,24.57,-81.76,0.0
22,24.56,-81.76,0.0
24,27.99,-82.01,0.0
25,28.82,-81.81,0.0
27,24.73,-81.05,0.0
30,30.11,-83.18,0.0
31,28.1,-80.64,0.0
33,25.79,-80.32,0.0
34,25.64,-80.43,0.0
35,25.91,-80.28,0.0
36,30.44,-83.99,0.0
37,26.15,-81.78,0.0
40,28.55,-81.34,0.0
41,28.42,-81.32,0.0
42,28.78,-81.24,0.0
43,29.26,-81.05,0.0
44,30.25,-85.66,0.0
45,30.48,-87.19,0.0
46,30.1,-83.57,0.0
47,26.25,-80.11,0.0
48,26.92,-81.99,0.0
51,28.34,-82.26,0.0
52,27.4,-82.56,0.0
53,27.77,-82.63,0.0
54,27.91,-82.69,0.0
56,27.12,-80.2,0.0
57,30.45,-84.3,0.0
59,30.4,-84.36,0.0
61,27.96,-82.54,0.0
62,27.66,-80.41,0.0
64,26.69,-80.1,0.0
65,30.12,-85.2,0.0
66,28.06,-81.76,0.0
2,31.54,-82.51,0.0
3,34.44,-83.52,0.0
4,32.03,-84.25,0.0
5,33.56,-82.34,0.0
7,34.01,-83.81,0.0
8,33.37,-81.96,0.0
9,34.85,-83.94,0.0
11,32.38,-81.67,0.0
12,31.15,-81.39,0.0
13,31.19,-84.2,0.0
14,34.37,-83.23,0.0
16,33.6,-85.08,0.0
17,34.06,-85.23,0.0
18,34.76,-84.76,0.0
19,34.62,-83.54,0.0
20,34.89,-83.4,0.0
21,34.59,-83.77,0.0
23,34.26,-83.49,0.0
24,31.99,-83.77,0.0
26,34.52,-83.53,0.0
27,31.85,-83.94,0.0
28,34.23,-84.13,0.0
29,34.51,-84.02,0.0
30,34.0,-84.75,0.0
31,34.12,-83.3,0.0
32,34.98,-83.39,0.0
33,31.03,-84.89,0.0
34,33.94,-84.27,0.0
35,32.56,-82.9,0.0
36,34.14,-82.86,0.0
37,34.3,-83.86,0.0
38,34.91,-83.46,0.0
39,34.35,-82.93,0.0
40,32.28,-83.47,0.0
41,34.48,-84.45,0.0
42,32.71,-82.54,0.0
43,33.78,-82.47,0.0
45,33.01,-82.39,0.0
46,33.48,-84.03,0.0
47,32.32,-84.07,0.0
48,31.18,-83.75,0.0
49,32.17,-82.6,0.0
50,32.61,-85.08,0.0
51,33.4,-84.92,0.0
53,34.24,-85.16,0.0
54,32.97,-82.8,0.0
55,31.4,-81.28,0.0
56,34.66,-83.73,0.0
57,32.13,-81.2,0.0
58,34.76,-84.11,0.0
59,34.45,-85.39,0.0
60,32.77,-81.55,0.0
61,32.69,-84.52,0.0
62,32.87,-84.27,0.0
63,30.82,-83.9,0.0
64,33.45,-82.48,0.0
65,31.45,-83.48,0.0
66,34.58,-83.33,0.0
68,32.61,-83.62,0.0
69,32.89,-85.18,0.0
1,42.83,-96.55,0.0
2,43.07,-94.22,0.0
4,40.7,-93.37,0.0
11,42.08,-91.3,0.0
12,41.74,-93.59,0.0
15,40.75,-91.28,0.0
17,42.37,-95.57,0.0
18,40.81,-94.05,0.0
19,41.88,-92.28,0.0
20,42.26,-90.42,0.0
24,41.74,-92.44,0.0
25,40.77,-91.12,0.0
27,42.06,-94.85,0.0
29,42.52,-92.46,0.0
34,42.05,-91.59,0.0
36,40.73,-92.89,0.0
37,42.2,-91.52,0.0
38,41.02,-93.28,0.0
39,43.06,-92.67,0.0
41,42.76,-95.54,0.0
42,40.72,-95.02,0.0
43,41.79,-90.26,0.0
45,41.28,-91.36,0.0
47,41.67,-91.6,0.0
48,40.99,-94.76,0.0
52,41.04,-94.46,0.0
56,41.61,-90.59,0.0
57,41.61,-90.58,0.0
58,41.81,-90.54,0.0
59,43.3,-91.8,0.0
67,41.53,-93.65,0.0
68,41.74,-93.72,0.0
69,40.65,-91.56,0.0
70,42.41,-90.73,0.0
71,42.54,-90.65,0.0
72,42.4,-90.71,0.0
75,42.78,-91.45,0.0
77,43.24,-92.44,0.0
78,43.4,-94.75,0.0
79,43.18,-95.38,0.0
81,41.02,-91.96,0.0
86,42.88,-91.83,0.0
88,42.58,-94.2,0.0
89,40.62,-91.33,0.0
92,42.36,-92.76,0.0
94,42.79,-91.1,0.0
95,42.76,-93.2,0.0
97,41.46,-93.39,0.0
98,41.08,-95.48,0.0
99,42.55,-95.61,0.0
100,42.28,-96.06,0.0
102,41.37,-93.65,0.0
104,41.61,-91.51,0.0
105,42.52,-93.25,0.0
106,41.8,-94.31,0.0
109,41.74,-93.72,0.0
110,40.4,-91.37,0.0
111,40.75,-91.96,0.0
113,41.32,-93.1,0.0
115,43.45,-95.32,0.0
120,42.78,-96.15,0.0
121,41.83,-96.05,0.0
123,41.86,-90.92,0.0
124,42.47,-91.45,0.0
125,42.16,-95.78,0.0
126,42.08,-90.66,0.0
127,41.8,-92.07,0.0
129,42.06,-92.92,0.0
131,43.16,-93.2,0.0
132,43.15,-93.33,0.0
135,42.24,-91.17,0.0
137,40.95,-91.56,0.0
138,41.05,-93.95,0.0
139,41.04,-93.98,0.0
140,41.41,-91.07,0.0
142,41.47,-91.05,0.0
143,42.94,-92.57,0.0
144,43.05,-92.31,0.0
146,41.52,-92.06,0.0
147,41.3,-95.38,0.0
148,42.68,-91.88,0.0
149,43.0,-96.05,0.0
150,43.28,-92.81,0.0
151,41.02,-93.75,0.0
153,41.1,-92.44,0.0
155,41.38,-92.92,0.0
158,43.14,-91.49,0.0
159,43.09,-95.63,0.0
160,40.87,-95.57,0.0
161,41.0,-95.24,0.0
162,42.81,-95.98,0.0
164,43.43,-96.17,0.0
166,43.2,-96.31,0.0
167,42.4,-94.63,0.0
168,42.42,-94.98,0.0
169,40.84,-91.62,0.0
170,43.18,-95.66,0.0
171,43.18,-95.85,0.0
173,40.77,-95.36,0.0
174,43.4,-95.75,0.0
175,41.34,-92.23,0.0
176,43.06,-96.15,0.0
177,42.4,-96.38,0.0
178,42.39,-96.38,0.0
179,42.89,-95.15,0.0
181,43.17,-95.15,0.0
183,43.42,-95.14,0.0
184,43.38,-92.92,0.0
185,42.63,-91.86,0.0
186,42.65,-95.19,0.0
187,42.69,-91.53,0.0
188,43.45,-94.31,0.0
189,41.85,-91.69,0.0
190,42.04,-92.58,0.0
192,41.39,-95.68,0.0
193,42.15,-92.01,0.0
194,41.28,-91.71,0.0
195,42.47,-92.34,0.0
196,42.55,-92.4,0.0
201,41.66,-92.0,0.0
202,41.6,-93.7,0.0
2,47.95,-116.68,9.0
3,47.25,-115.81,22.0
5,43.47,-114.26,19.0
6,42.34,-111.39,8.0
8,43.63,-116.2,0.2
10,43.57,-116.14,0.3
12,43.67,-116.27,0.5
14,43.57,-116.24,1.2
15,43.65,-115.99,3.0
17,43.55,-116.13,1.5
19,43.57,-116.21,1.0
20,48.69,-116.31,10.0
24,43.98,-113.83,1.0
28,45.57,-115.45,33.0
31,42.43,-112.13,7.0
39,42.94,-114.71,2.0
40,45.93,-116.12,9.5
41,45.92,-116.13,6.0
48,43.65,-117.0,0.0
49,48.21,-116.38,13.0
52,43.62,-111.88,2.5
54,42.8,-112.23,5.0
56,46.52,-116.67,0.0
58,46.31,-116.06,8.7
59,47.53,-116.13,8.0
65,46.37,-117.02,0.0
66,42.12,-111.31,7.0
67,44.89,-116.1,20.0
70,43.77,-111.96,4.0
76,46.75,-117.0,5.0
77,46.73,-116.96,5.0
81,42.03,-115.36,9.0
83,46.5,-116.34,0.0
86,43.31,-114.07,9.0
87,46.49,-115.8,20.0
88,47.53,-116.24,5.1
89,42.9,-112.43,1.7
91,42.92,-112.57,1.2
92,46.96,-116.86,8.0
93,47.64,-115.92,31.0
99,43.05,-114.15,5.0
100,43.68,-111.91,1.0
101,43.69,-111.89,4.0
111,48.4,-116.32,22.0
113,43.38,-112.17,3.5
114,42.66,-111.59,12.0
115,47.96,-116.79,14.0
116,43.97,-111.64,2.5
120,43.85,-111.75,3.0
121,43.44,-111.28,4.0
123,44.96,-115.5,13.0
0,41.2,-90.74,0.0
1,42.17,-88.3,0.0
2,38.87,-90.15,0.0
3,41.12,-90.16,0.0
5,41.71,-89.34,0.0
6,39.95,-90.33,0.0
8,39.71,-88.49,0.0
9,41.86,-89.23,0.0
10,39.93,-89.8,0.0
11,40.23,-90.95,0.0
13,41.73,-88.24,0.0
14,41.73,-88.24,0.0
15,40.66,-90.44,0.0
16,42.12,-88.16,0.0
17,41.85,-88.31,0.0
18,41.86,-88.33,0.0
19,41.83,-88.36,0.0
22,38.52,-89.84,0.0
25,40.34,-91.11,0.0
26,40.5,-88.93,0.0
27,40.46,-89.06,0.0
29,41.18,-87.94,0.0
32,39.9,-89.38,0.0
33,42.19,-87.96,0.0
34,42.32,-88.39,0.0
35,41.38,-87.68,0.0
36,41.73,-87.95,0.0
37,38.56,-90.15,0.0
38,40.54,-90.04,0.0
39,42.4,-88.74,0.0
40,41.34,-88.3,0.0
41,38.62,-89.36,0.0
44,39.3,-87.97,0.0
45,38.56,-89.13,0.0
48,40.08,-88.24,0.0
50,40.75,-88.29,0.0
51,40.74,-88.72,0.0
52,37.9,-89.83,0.0
54,41.74,-87.78,0.0
55,41.96,-87.93,0.0
57,40.01,-88.73,0.0
59,40.15,-88.97,0.0
60,40.14,-88.97,0.0
63,40.46,-90.75,0.0
64,40.62,-89.24,0.0
67,41.47,-87.55,0.0
70,40.59,-91.15,0.0
71,40.14,-87.65,0.0
72,40.1,-87.6,0.0
74,42.43,-89.42,0.0
75,42.46,-89.41,0.0
76,41.93,-88.78,0.0
77,41.92,-88.76,0.0
79,37.81,-89.22,0.0
80,39.83,-88.95,0.0
84,41.55,-88.91,0.0
85,38.81,-90.0,0.0
86,39.11,-88.53,0.0
87,40.81,-89.05,0.0
88,42.06,-88.29,0.0
89,42.03,-88.29,0.0
91,42.32,-90.23,0.0
92,42.0,-88.05,0.0
93,41.89,-87.93,0.0
94,40.78,-89.97,0.0
96,38.6,-89.97,0.0
97,40.33,-88.35,0.0
98,38.68,-88.48,0.0
99,38.66,-88.48,0.0
103,42.3,-89.6,0.0
104,42.4,-90.44,0.0
105,40.95,-90.39,0.0
106,40.67,-89.68,0.0
107,41.45,-90.15,0.0
110,41.89,-88.33,0.0
111,41.86,-88.32,0.0
112,41.86,-88.38,0.0
113,42.07,-88.71,0.0
114,40.76,-89.48,0.0
115,40.88,-91.02,0.0
116,41.83,-88.06,0.0
120,41.25,-89.34,0.0
121,41.05,-88.04,0.0
122,42.2,-87.81,0.0
124,40.06,-87.96,0.0
125,41.61,-87.93,0.0
127,40.47,-87.69,0.0
128,40.46,-87.66,0.0
130,39.11,-87.67,0.0
131,41.43,-91.01,0.0
132,38.49,-88.97,0.0
133,39.71,-90.23,0.0
134,39.73,-90.2,0.0
135,39.1,-90.34,0.0
136,41.5,-88.1,0.0
137,41.14,-87.89,0.0
138,37.98,-89.95,0.0
139,41.24,-89.9,0.0
140,40.9,-90.29,0.0
142,41.82,-87.88,0.0
143,40.58,-90.97,0.0
146,41.02,-89.42,0.0
147,39.76,-89.6,0.0
150,41.54,-87.54,0.0
151,38.72,-87.72,0.0
152,40.15,-89.34,0.0
155,41.81,-88.07,0.0
161,40.48,-90.67,0.0
163,41.46,-87.91,0.0
168,38.73,-89.94,0.0
169,38.49,-89.8,0.0
170,39.47,-88.36,0.0
171,42.31,-88.25,0.0
173,39.16,-90.14,0.0
175,40.91,-89.03,0.0
179,41.45,-90.52,0.0
180,40.94,-90.64,0.0
181,40.94,-90.72,0.0
183,41.37,-88.43,0.0
186,41.33,-88.31,0.0
187,41.79,-89.97,0.0
188,40.6,-89.47,0.0
189,40.6,-89.47,0.0
190,38.45,-87.83,0.0
191,42.1,-89.98,0.0
192,42.19,-90.02,0.0
193,39.07,-89.73,0.0
195,40.01,-89.28,0.0
196,39.59,-89.02,0.0
197,39.07,-89.7,0.0
199,42.26,-88.08,0.0
202,39.32,-88.46,0.0
203,37.59,-88.74,0.0
205,41.52,-87.92,0.0
206,42.17,-89.13,0.0
207,38.99,-88.18,0.0
208,40.55,-88.95,0.0
210,41.62,-87.75,0.0
215,40.11,-87.96,0.0
218,38.7,-88.08,0.0
220,41.66,-88.34,0.0
225,42.11,-88.02,0.0
227,39.0,-87.61,0.0
229,39.37,-89.09,0.0
230,39.62,-87.67,0.0
231,41.49,-87.68,0.0
232,41.49,-87.7,0.0
235,41.67,-88.98,0.0
236,40.46,-88.14,0.0
239,40.75,-89.62,0.0
240,41.33,-87.79,0.0
241,41.33,-87.79,0.0
243,40.02,-89.83,0.0
245,40.01,-88.15,0.0
246,39.62,-90.8,0.0
247,41.57,-88.27,0.0
248,40.59,-90.46,0.0
249,41.37,-89.45,0.0
250,41.68,-89.94,0.0
251,39.9,-91.43,0.0
252,39.94,-91.2,0.0
253,39.15,-89.1,0.0
254,40.31,-88.16,0.0
255,38.18,-89.98,0.0
257,40.8,-89.19,0.0
258,39.01,-87.78,0.0
259,41.8,-89.64,0.0
260,41.52,-90.56,0.0
265,42.19,-89.09,0.0
266,41.6,-88.08,0.0
268,40.13,-90.56,0.0
269,38.64,-88.95,0.0
270,40.08,-88.25,0.0
271,42.03,-88.04,0.0
272,39.41,-88.77,0.0
274,39.97,-87.82,0.0
278,39.8,-89.68,0.0
279,39.85,-89.68,0.0
281,41.92,-88.3,0.0
282,41.98,-88.38,0.0
283,38.36,-89.71,0.0
285,38.0,-89.65,0.0
286,41.81,-89.02,0.0
287,42.4,-89.99,0.0
288,42.4,-89.99,0.0
291,41.09,-88.82,0.0
294,39.56,-88.61,0.0
296,39.52,-89.26,0.0
298,39.79,-88.29,0.0
300,40.09,-88.17,0.0
301,40.12,-88.16,0.0
302,41.56,-89.6,0.0
309,39.44,-90.38,0.0
311,39.45,-88.6,0.0
315,42.36,-88.53,0.0
4,41.71,-86.86,0.0
8,41.34,-85.42,0.0
9,39.57,-85.16,0.0
10,40.06,-85.69,0.0
12,40.11,-85.72,0.0
13,41.66,-85.02,0.0
14,41.7,-84.99,0.0
15,41.35,-85.3,0.0
20,40.67,-84.93,0.0
22,39.17,-86.52,0.0
23,40.73,-85.16,0.0
24,38.03,-87.27,0.0
25,39.39,-87.04,0.0
28,40.48,-86.4,0.0
30,38.76,-86.18,0.0
31,37.9,-86.71,0.0
33,40.0,-86.14,0.0
34,39.96,-86.06,0.0
35,39.88,-86.05,0.0
37,40.67,-86.96,0.0
41,41.15,-85.49,0.0
45,39.17,-85.92,0.0
47,40.0,-86.8,0.0
50,39.73,-86.54,0.0
52,40.85,-84.93,0.0
54,38.46,-86.7,0.0
55,41.51,-87.52,0.0
59,39.03,-86.94,0.0
60,38.87,-87.09,0.0
61,38.05,-87.51,0.0
62,39.24,-87.39,0.0
63,40.25,-85.15,0.0
64,40.55,-86.52,0.0
65,41.1,-85.11,0.0
67,41.12,-85.09,0.0
70,40.97,-85.21,0.0
71,40.98,-86.89,0.0
73,40.3,-86.51,0.0
74,39.49,-86.07,0.0
76,39.47,-86.04,0.0
79,41.34,-85.13,0.0
80,41.34,-85.12,0.0
85,41.56,-85.88,0.0
86,41.56,-85.88,0.0
87,41.75,-86.11,0.0
88,39.13,-87.64,0.0
89,39.79,-85.76,0.0
91,39.61,-86.16,0.0
92,39.61,-86.19,0.0
95,40.44,-85.29,0.0
98,41.51,-85.13,0.0
101,40.86,-85.5,0.0
102,40.88,-85.51,0.0
104,39.73,-86.16,0.0
105,39.85,-86.09,0.0
107,39.83,-86.32,0.0
108,39.73,-86.28,0.0
109,39.71,-86.28,0.0
114,38.31,-85.74,0.0
116,41.31,-86.63,0.0
117,40.46,-86.18,0.0
122,40.3,-86.9,0.0
124,41.53,-86.27,0.0
125,40.12,-85.9,0.0
126,41.61,-86.73,0.0
128,40.05,-86.57,0.0
129,41.33,-85.85,0.0
130,41.31,-85.72,0.0
133,40.75,-86.39,0.0
135,40.58,-85.66,0.0
136,39.4,-86.4,0.0
141,40.96,-87.48,0.0
142,39.65,-85.68,0.0
145,37.99,-87.72,0.0
146,40.18,-85.35,0.0
149,39.2,-85.32,0.0
151,41.71,-86.5,0.0
155,41.17,-86.76,0.0
156,40.99,-85.77,0.0
157,39.0,-85.6,0.0
158,41.36,-85.7,0.0
159,41.36,-85.7,0.0
160,38.89,-86.55,0.0
162,39.17,-85.24,0.0
163,40.87,-85.21,0.0
164,40.47,-87.06,0.0
165,38.44,-86.7,0.0
166,40.35,-87.53,0.0
168,40.07,-87.51,0.0
169,40.76,-86.07,0.0
172,41.34,-86.34,0.0
176,40.92,-87.18,0.0
177,40.86,-87.08,0.0
178,41.07,-86.21,0.0
179,41.09,-86.23,0.0
181,39.6,-85.45,0.0
183,38.1,-86.94,0.0
184,39.53,-85.79,0.0
186,38.55,-86.79,0.0
187,41.7,-86.25,0.0
188,41.62,-86.22,0.0
189,41.71,-86.32,0.0
190,39.71,-86.28,0.0
191,39.28,-86.77,0.0
192,39.22,-86.7,0.0
193,39.19,-86.78,0.0
194,41.45,-87.48,0.0
197,40.22,-86.11,0.0
200,41.49,-87.06,0.0
206,38.68,-87.46,0.0
209,40.79,-85.83,0.0
210,41.57,-85.99,0.0
212,41.44,-86.93,0.0
214,41.26,-85.87,0.0
216,41.21,-85.8,0.0
219,41.17,-85.92,0.0
220,38.65,-87.2,0.0
221,38.68,-87.19,0.0
222,40.46,-86.97,0.0
224,38.77,-86.68,0.0
225,41.03,-86.59,0.0
226,40.56,-86.34,0.0
0,38.39,-98.95,0.0
1,38.47,-99.55,0.0
2,38.87,-96.49,0.0
3,37.19,-95.29,0.0
4,37.15,-98.03,0.0
5,37.26,-97.77,0.0
6,37.06,-97.04,0.0
7,37.89,-98.18,0.0
8,37.19,-99.76,0.0
9,39.58,-95.11,0.0
10,39.8,-101.04,0.0
11,37.7,-96.97,0.0
13,39.19,-98.04,0.0
14,39.21,-98.18,0.0
15,37.05,-95.21,0.0
16,37.66,-96.54,0.0
17,37.39,-97.35,0.0
18,37.83,-99.65,0.0
20,39.46,-98.11,0.0
22,37.89,-97.48,0.0
25,37.08,-97.87,0.0
26,39.06,-94.9,0.0
27,39.37,-101.45,0.0
28,38.77,-97.86,0.0
29,37.54,-99.63,0.0
30,38.15,-99.53,0.0
31,38.8,-95.81,0.0
32,38.08,-96.89,0.0
33,37.04,-97.61,0.0
34,37.31,-96.66,0.0
35,37.03,-95.95,0.0
36,38.02,-96.6,0.0
38,38.8,-99.72,0.0
39,37.67,-95.38,0.0
40,37.02,-96.18,0.0
41,37.72,-97.79,0.0
42,37.81,-100.35,0.0
45,37.06,-95.64,0.0
47,39.39,-101.07,0.0
48,37.27,-99.33,0.0
49,38.9,-100.11,0.0
50,37.18,-94.84,0.0
51,39.56,-97.67,0.0
53,37.36,-97.69,0.0
54,38.37,-96.55,0.0
55,38.97,-97.76,0.0
56,39.67,-99.73,0.0
57,37.58,-97.26,0.0
58,37.78,-100.05,0.0
59,37.76,-99.97,0.0
60,37.77,-99.97,0.0
61,37.82,-96.84,0.0
62,38.06,-97.12,0.0
63,37.01,-101.89,0.0
64,38.37,-98.58,0.0
65,38.95,-99.56,0.0
66,38.39,-96.62,0.0
67,38.43,-96.22,0.0
68,37.57,-95.25,0.0
70,37.83,-96.26,0.0
72,37.53,-95.83,0.0
73,38.64,-98.87,0.0
74,37.49,-95.35,0.0
76,38.28,-95.22,0.0
77,38.54,-98.16,0.0
80,38.27,-97.39,0.0
81,39.35,-101.7,0.0
82,39.37,-101.69,0.0
83,39.37,-101.7,0.0
84,39.11,-100.46,0.0
86,38.36,-98.83,0.0
87,37.36,-96.45,0.0
89,39.88,-97.31,0.0
90,37.22,-96.05,0.0
92,38.86,-99.34,0.0
94,37.52,-97.31,0.0
95,38.6,-100.62,0.0
96,38.67,-96.95,0.0
99,38.14,-97.42,0.0
100,39.36,-99.83,0.0
103,37.47,-96.27,0.0
105,38.1,-98.66,0.0
106,37.81,-95.45,0.0
107,38.09,-97.91,0.0
108,37.93,-98.03,0.0
109,37.24,-95.7,0.0
110,38.19,-97.84,0.0
111,37.92,-95.42,0.0
112,39.66,-98.35,0.0
113,38.2,-99.92,0.0
114,38.06,-100.3,0.0
115,38.61,-97.96,0.0
116,37.65,-98.12,0.0
117,37.02,-98.49,0.0
119,38.97,-95.28,0.0
120,38.95,-95.23,0.0
121,38.97,-95.3,0.0
124,39.81,-98.56,0.0
125,39.61,-100.0,0.0
126,38.49,-101.37,0.0
127,37.03,-100.91,0.0
128,39.03,-98.13,0.0
129,38.49,-96.96,0.0
130,38.59,-97.61,0.0
131,37.38,-96.08,0.0
132,39.09,-98.64,0.0
133,38.14,-96.14,0.0
135,39.2,-96.58,0.0
136,38.38,-97.08,0.0
137,39.84,-96.64,0.0
138,39.05,-96.24,0.0
139,38.33,-97.78,0.0
140,38.59,-99.57,0.0
141,38.38,-97.61,0.0
142,37.28,-100.35,0.0
143,37.43,-100.49,0.0
145,37.28,-98.55,0.0
146,38.5,-95.7,0.0
148,39.35,-97.45,0.0
149,39.28,-100.84,0.0
151,37.59,-100.44,0.0
152,37.91,-95.17,0.0
153,37.19,-95.45,0.0
154,37.87,-97.66,0.0
155,37.45,-95.65,0.0
156,38.02,-97.36,0.0
157,39.81,-100.24,0.0
158,39.81,-100.24,0.0
159,39.77,-100.18,0.0
160,39.84,-99.89,0.0
161,39.82,-99.9,0.0
163,39.11,-100.94,0.0
164,37.82,-99.55,0.0
165,38.64,-95.8,0.0
166,37.18,-95.1,0.0
167,38.87,-94.69,0.0
168,38.95,-94.71,0.0
169,37.27,-97.17,0.0
171,37.37,-95.29,0.0
172,37.42,-97.4,0.0
174,39.74,-99.22,0.0
175,39.24,-99.38,0.0
176,37.79,-98.03,0.0
177,39.07,-100.24,0.0
178,38.65,-99.9,0.0
179,37.23,-101.95,0.0
181,37.42,-97.05,0.0
182,37.82,-96.64,0.0
183,38.87,-98.71,0.0
184,38.96,-101.17,0.0
185,39.77,-101.81,0.0
186,38.83,-97.59,0.0
187,38.47,-100.92,0.0
188,38.72,-95.64,0.0
189,37.13,-96.18,0.0
190,39.67,-100.69,0.0
192,38.9,-101.75,0.0
193,37.53,-96.88,0.0
194,39.78,-98.78,0.0
196,38.21,-98.21,0.0
199,37.38,-98.92,0.0
200,37.28,-98.93,0.0
201,39.03,-98.38,0.0
202,37.99,-101.74,0.0
203,38.43,-96.56,0.0
204,37.97,-96.3,0.0
205,39.07,-95.63,0.0
206,39.02,-95.75,0.0
207,39.07,-95.63,0.0
208,38.66,-101.7,0.0
209,38.47,-101.77,0.0
211,37.6,-101.29,0.0
212,37.6,-101.29,0.0
213,38.64,-100.17,0.0
216,38.91,-101.59,0.0
218,39.21,-96.37,0.0
221,37.27,-97.42,0.0
223,37.65,-97.43,0.0
224,37.66,-97.44,0.0
225,37.5,-98.31,0.0
226,38.97,-98.49,0.0
227,38.29,-97.91,0.0
228,37.29,-96.94,0.0
229,39.06,-101.24,0.0
230,38.11,-96.73,0.0
231,37.88,-95.73,0.0
232,37.43,-98.28,0.0
0,37.23,-86.69,0.0
1,38.62,-84.59,0.0
2,38.45,-82.61,0.0
3,38.77,-84.01,0.0
4,36.88,-83.88,0.0
5,36.9,-86.12,0.0
6,37.63,-83.72,0.0
8,37.0,-86.43,0.0
9,36.96,-86.42,0.0
10,36.95,-86.37,0.0
11,37.34,-83.47,0.0
16,38.12,-83.53,0.0
17,39.04,-84.67,0.0
18,37.86,-83.92,0.0
19,37.79,-86.23,0.0
20,37.49,-84.44,0.0
21,37.83,-84.03,0.0
22,37.09,-87.5,0.0
23,38.38,-84.3,0.0
24,37.39,-82.26,0.0
26,38.04,-85.72,0.0
28,38.22,-84.82,0.0
29,38.22,-84.83,0.0
30,38.23,-84.55,0.0
31,38.78,-84.89,0.0
32,38.65,-82.86,0.0
36,37.87,-82.52,0.0
37,37.59,-83.31,0.0
38,37.01,-85.06,0.0
39,37.02,-85.7,0.0
44,38.03,-84.61,0.0
45,38.18,-85.73,0.0
46,38.12,-85.64,0.0
48,36.79,-88.66,0.0
49,38.06,-83.93,0.0
51,38.47,-85.12,0.0
53,38.34,-83.1,0.0
56,37.06,-88.77,0.0
57,37.82,-82.79,0.0
60,37.66,-82.83,0.0
61,37.4,-87.76,0.0
63,38.53,-83.52,0.0
64,37.62,-86.5,0.0
65,37.74,-83.07,0.0
66,36.75,-86.23,0.0
67,38.05,-85.62,0.0
68,37.09,-82.99,0.0
70,37.86,-83.9,0.0
71,38.01,-85.37,0.0
72,38.0,-85.31,0.0
73,38.49,-83.02,0.0
74,37.07,-88.77,0.0
76,37.1,-82.8,0.0
77,39.03,-84.48,0.0
0,31.32,-92.46,0.0
2,32.55,-92.92,0.0
3,31.39,-92.72,0.0
5,29.95,-89.99,0.0
6,32.17,-92.11,0.0
7,31.93,-93.31,0.0
8,32.81,-93.06,0.0
9,32.35,-93.2,0.0
10,31.68,-92.13,0.0
11,32.35,-93.86,0.0
12,29.79,-92.2,0.0
13,31.51,-93.62,0.0
14,32.52,-92.03,0.0
15,32.71,-93.96,0.0
16,31.81,-93.09,0.0
17,30.97,-91.1,0.0
18,32.89,-93.64,0.0
19,32.42,-93.64,0.0
20,32.36,-93.14,0.0
21,32.45,-93.82,0.0
22,32.38,-93.8,0.0
23,32.45,-93.84,0.0
24,32.35,-91.03,0.0
25,31.2,-93.57,0.0
26,31.66,-93.66,0.0
1,42.1,-70.93,0.0
3,42.05,-72.62,2.0
6,42.39,-72.54,1.0
7,42.66,-71.13,0.0
9,42.62,-71.92,0.0
10,42.66,-71.94,0.0
13,42.17,-71.87,0.5
15,41.71,-70.29,0.0
16,42.44,-72.1,0.5
17,42.43,-72.03,0.0
21,42.59,-70.84,0.0
22,42.63,-72.12,0.0
23,42.21,-71.11,0.0
24,42.64,-70.98,0.0
25,41.95,-70.96,0.0
28,42.59,-72.75,1.0
29,42.12,-71.91,0.0
34,42.56,-73.16,2.0
36,42.51,-72.7,1.0
37,42.54,-72.73,1.0
38,42.57,-70.94,0.0
39,42.61,-70.94,0.0
40,41.81,-71.14,0.5
44,42.11,-72.13,0.0
45,41.58,-70.57,0.5
47,41.57,-70.53,0.0
48,42.57,-72.87,2.0
50,41.71,-70.47,0.0
52,41.39,-70.52,0.0
55,41.55,-70.55,0.5
56,41.59,-70.63,0.5
61,42.33,-71.43,0.1
65,42.57,-72.6,1.0
66,42.75,-71.04,0.0
68,42.08,-72.45,1.2
69,42.59,-73.3,0.5
73,42.23,-70.91,0.0
78,42.4,-71.59,0.5
79,41.66,-70.3,0.0
80,41.66,-70.31,0.0
81,42.3,-71.12,0.0
82,42.02,-70.77,0.0
86,42.24,-71.95,0.8
87,42.34,-73.25,1.0
88,42.45,-72.53,1.0
94,42.5,-70.86,0.0
97,41.64,-70.52,0.0
98,41.58,-70.49,0.2
99,42.42,-71.44,0.2
100,42.42,-71.13,0.0
101,42.46,-71.05,0.0
103,42.59,-71.02,0.0
104,42.58,-71.03,0.1
105,42.16,-71.51,1.0
106,42.15,-71.38,0.2
109,42.46,-72.34,0.4
115,42.32,-72.67,0.5
123,41.79,-69.98,0.0
124,41.75,-69.99,0.0
133,41.78,-70.92,0.0
135,42.74,-72.87,1.0
136,41.77,-70.49,0.0
139,41.74,-71.16,1.0
140,41.71,-70.16,0.0
142,42.48,-71.81,0.7
143,42.29,-73.32,1.5
145,42.36,-71.47,0.2
146,42.44,-72.55,1.0
147,42.45,-72.57,0.5
149,42.57,-71.2,0.0
150,42.64,-72.22,0.0
152,41.45,-70.6,0.0
153,41.44,-70.63,0.3
155,42.16,-71.25,0.0
157,42.2,-72.24,0.5
164,42.11,-72.72,2.0
168,42.55,-71.91,0.5
170,42.39,-72.74,1.5
172,42.45,-71.14,0.0
173,42.25,-71.79,0.5
0,39.47,-76.17,0.0
1,39.17,-76.68,0.0
3,39.03,-76.93,0.0
6,39.22,-77.27,0.0
7,39.25,-77.24,0.0
11,39.66,-76.18,0.0
12,39.58,-78.85,0.0
14,39.64,-78.76,0.0
15,39.35,-76.65,0.0
16,39.26,-77.23,0.0
19,39.68,-77.28,0.0
21,39.64,-77.7,0.0
22,39.64,-77.7,0.0
25,39.45,-76.39,0.0
27,39.72,-76.8,0.0
28,39.19,-77.18,0.0
31,39.7,-76.54,0.0
35,39.08,-76.69,0.0
37,38.55,-76.62,0.0
39,39.47,-76.83,0.0
42,38.41,-75.59,0.0
43,38.34,-75.51,0.0
49,38.23,-75.38,0.0
50,38.97,-76.34,0.0
53,39.67,-77.4,0.0
55,39.53,-77.02,0.0
2,44.11,-70.26,2.0
4,44.8,-68.82,3.1
5,43.93,-69.86,2.0
8,44.32,-70.76,7.0
9,43.49,-70.43,4.0
11,45.07,-69.7,6.0
13,43.64,-70.58,3.0
14,43.22,-70.64,2.0
15,46.87,-68.02,7.9
17,44.92,-69.24,3.0
18,43.78,-70.7,4.0
20,45.19,-69.18,8.0
22,44.0,-70.1,3.0
24,45.14,-69.28,6.0
25,44.49,-68.46,0.5
29,44.73,-70.18,8.5
30,47.24,-68.61,8.0
32,43.88,-70.05,2.5
34,43.89,-70.25,3.0
35,43.9,-70.31,4.0
36,43.85,-70.31,3.0
37,44.95,-69.55,2.0
42,43.65,-70.67,3.0
44,45.63,-70.25,3.0
45,43.39,-70.58,4.0
47,44.96,-70.18,9.0
48,43.08,-70.71,0.0
49,45.38,-68.51,6.0
52,44.47,-70.16,4.0
55,44.94,-68.64,3.0
56,45.64,-68.67,5.0
58,43.92,-70.26,4.0
59,44.64,-70.0,4.0
60,44.67,-70.03,6.0
61,47.01,-68.14,11.0
62,44.03,-69.57,1.5
66,44.89,-68.67,3.0
68,44.1,-70.6,4.0
70,44.87,-69.42,3.0
73,44.82,-70.39,9.0
76,43.7,-70.31,4.0
77,43.64,-70.3,3.1
78,43.85,-70.17,2.0
79,46.68,-68.01,7.0
80,44.56,-68.92,1.0
81,44.97,-70.64,8.0
82,44.99,-70.67,10.0
83,44.42,-69.95,3.2
84,45.09,-67.12,1.0
85,44.13,-69.1,0.0
87,44.49,-70.66,4.0
88,44.38,-69.26,2.0
90,43.61,-70.29,3.0
94,44.68,-70.26,6.5
95,45.44,-67.72,3.0
97,44.28,-70.26,3.0
98,44.24,-69.27,1.5
99,44.24,-69.32,2.5
100,44.21,-69.34,0.5
101,47.17,-67.94,10.0
102,44.11,-69.37,1.0
103,44.53,-69.65,2.0
105,43.74,-70.36,3.0
106,44.78,-67.22,0.5
107,43.86,-70.47,2.7
109,44.69,-68.85,2.0
110,44.31,-69.97,3.0
0,42.95,-85.48,0.0
1,41.92,-84.02,0.0
4,42.62,-82.54,0.0
6,43.39,-84.65,0.0
11,46.23,-88.45,6.0
14,42.26,-83.87,0.0
15,42.24,-83.69,0.0
16,42.3,-83.66,0.0
19,43.63,-84.02,0.0
20,43.81,-82.99,0.0
23,42.37,-85.26,0.0
25,43.81,-83.4,0.0
27,42.12,-86.43,0.0
29,46.59,-89.55,6.0
31,46.83,-87.75,5.0
34,43.71,-85.48,0.0
35,45.17,-84.91,0.0
37,41.82,-86.34,0.0
38,43.07,-83.59,0.0
39,44.21,-85.41,0.0
42,47.23,-88.46,9.0
43,42.35,-83.47,0.0
45,46.32,-87.2,2.2
46,43.48,-83.39,0.0
47,43.59,-83.18,0.0
49,45.32,-85.27,3.0
53,45.65,-84.47,1.0
54,42.33,-84.01,0.0
55,42.36,-83.99,0.0
56,43.19,-84.11,0.0
58,46.5,-87.85,8.0
61,41.96,-84.99,0.0
64,43.08,-83.55,0.0
66,42.32,-83.24,0.0
68,42.35,-83.17,0.0
69,46.0,-83.9,0.0
70,42.23,-83.33,0.0
72,41.99,-86.13,0.0
75,42.93,-84.1,0.0
76,42.93,-83.99,0.0
77,42.94,-85.61,0.0
80,44.28,-83.5,0.0
82,42.52,-84.65,0.0
83,42.76,-84.59,0.0
87,45.74,-87.04,0.0
88,42.47,-83.36,0.0
91,42.77,-83.83,0.0
92,43.15,-85.01,0.0
93,44.58,-85.37,0.0
94,43.92,-83.08,0.0
96,42.97,-83.75,0.0
97,43.32,-83.72,0.0
100,43.45,-86.03,0.0
101,45.9,-86.55,3.0
102,45.03,-84.71,0.0
103,44.96,-84.68,2.0
105,45.83,-87.06,4.0
106,45.84,-87.04,6.0
107,43.98,-84.49,1.0
109,44.54,-83.7,0.0
111,42.92,-83.51,0.0
114,42.76,-84.76,0.0
119,42.88,-85.52,0.0
121,42.9,-85.78,0.0
124,46.45,-87.3,2.0
125,46.87,-89.1,7.0
126,42.41,-82.89,0.0
127,44.46,-83.72,0.0
129,42.11,-84.63,0.0
131,43.83,-82.64,0.0
132,45.43,-84.98,1.0
134,43.68,-86.42,0.0
136,42.77,-84.4,0.0
137,42.64,-85.29,0.0
138,46.67,-88.38,13.0
140,41.94,-84.64,0.0
142,42.82,-86.07,0.0
146,44.31,-84.89,0.0
147,44.36,-84.67,0.0
148,45.79,-88.08,6.0
149,46.47,-90.19,3.0
150,46.47,-90.14,2.0
151,46.54,-87.77,5.0
152,46.41,-87.76,7.0
154,42.24,-84.47,0.0
155,47.01,-88.43,4.0
156,42.01,-84.56,0.0
157,46.33,-87.38,5.0
159,44.73,-85.17,0.0
161,43.2,-85.77,0.0
163,42.92,-84.37,0.0
164,42.84,-84.42,0.0
165,44.31,-85.21,2.0
167,42.71,-84.53,0.0
168,42.78,-84.6,0.0
169,43.06,-83.36,0.0
170,43.06,-83.31,0.0
171,43.26,-82.53,0.0
172,42.81,-83.8,0.0
173,42.05,-84.75,0.0
175,42.43,-83.38,0.0
181,42.15,-84.02,0.0
182,45.96,-86.2,2.0
183,45.99,-86.28,8.5
184,45.95,-86.25,2.0
185,44.85,-85.84,0.0
186,46.55,-87.38,0.0
187,46.53,-87.55,5.1
188,42.61,-84.34,0.0
190,46.55,-88.18,5.0
191,43.61,-84.2,0.0
192,43.64,-84.22,0.0
193,43.28,-83.48,0.0
194,44.65,-84.12,0.0
197,41.72,-84.21,0.0
198,42.61,-82.82,0.0
199,46.41,-86.66,13.0
200,46.28,-86.76,11.5
201,43.18,-86.24,0.0
202,43.17,-86.24,0.0
204,42.68,-82.74,0.0
206,41.84,-86.27,0.0
208,45.13,-85.65,0.0
209,44.88,-85.68,0.0
210,42.89,-85.54,0.0
216,41.78,-83.74,0.0
217,43.02,-84.18,0.0
218,46.6,-85.04,11.0
219,46.4,-89.18,4.0
220,42.24,-85.86,0.0
224,42.44,-85.65,0.0
225,42.45,-85.54,0.0
228,42.64,-83.26,0.0
229,44.05,-82.97,2.0
230,42.97,-82.42,0.0
231,43.0,-82.46,0.0
232,47.14,-88.58,12.0
233,45.87,-86.95,6.0
234,42.88,-82.8,0.0
239,43.41,-83.96,0.0
241,43.5,-84.1,0.0
242,43.53,-84.08,0.0
245,42.13,-83.81,0.0
246,42.12,-83.82,0.0
247,42.96,-85.17,0.0
248,46.49,-84.41,8.0
249,46.48,-84.36,7.1
250,46.49,-84.32,5.0
251,43.93,-86.25,0.0
252,42.67,-83.03,0.0
254,45.69,-85.55,2.0
256,46.06,-88.63,3.0
257,44.01,-83.9,2.0
258,46.19,-86.46,12.0
259,41.99,-86.51,0.0
260,46.6,-85.22,10.0
261,42.0,-83.93,0.0
262,46.56,-88.21,13.5
263,41.93,-85.64,0.0
267,44.73,-85.51,0.0
272,43.37,-83.58,0.0
273,42.69,-83.41,0.0
274,46.22,-89.41,1.0
276,46.53,-88.64,5.0
278,44.26,-85.94,0.0
280,44.25,-84.2,0.0
281,42.28,-85.61,0.0
282,43.61,-85.64,0.0
283,42.69,-83.55,0.0
284,42.7,-83.47,0.0
286,42.66,-84.22,0.0
288,42.21,-83.16,0.0
10,45.39,-96.13,1.0
13,43.65,-92.97,0.0
14,47.71,-91.95,4.0
22,47.52,-94.72,5.5
25,48.2,-93.8,4.0
26,45.41,-93.69,1.0
28,44.66,-94.85,0.0
31,43.62,-94.09,0.0
35,45.71,-93.18,1.0
36,46.34,-94.21,3.0
38,46.25,-94.15,3.0
39,46.3,-96.52,5.0
40,43.54,-93.84,0.0
41,47.25,-91.86,5.0
45,45.6,-96.83,4.0
46,44.73,-94.34,0.0
47,46.3,-92.53,2.0
50,43.63,-91.5,0.0
55,44.72,-96.27,0.0
56,44.51,-92.9,0.0
58,44.76,-93.64,0.0
60,47.38,-94.61,6.0
61,47.87,-93.03,5.0
64,44.85,-93.56,0.0
65,47.49,-92.89,7.0
67,46.71,-92.52,5.0
68,46.74,-92.43,1.5
70,47.34,-93.7,5.0
72,45.58,-94.39,5.0
74,47.89,-92.53,5.0
77,44.84,-92.94,0.0
78,47.17,-92.46,4.0
79,47.15,-92.36,3.0
80,46.48,-93.97,3.5
81,45.08,-94.32,0.0
83,44.93,-96.04,0.0
85,47.34,-93.88,9.0
87,46.89,-95.84,3.0
88,45.72,-96.06,2.5
89,46.77,-92.09,0.5
95,46.84,-92.19,1.2
96,46.84,-92.21,1.0
102,44.88,-93.38,0.0
104,44.1,-92.27,0.0
108,47.91,-91.83,6.0
109,47.97,-91.45,5.0
110,47.64,-92.23,3.0
112,47.46,-92.53,4.0
115,43.65,-94.45,0.0
120,46.97,-92.87,4.0
122,47.08,-96.78,4.0
126,47.75,-90.33,6.0
127,47.75,-90.44,8.5
129,43.7,-92.56,0.0
130,47.97,-89.69,8.0
131,47.31,-93.55,4.5
133,47.24,-93.5,6.0
135,48.16,-90.88,5.0
138,44.74,-92.88,0.0
144,43.53,-96.36,1.0
147,43.8,-91.43,0.0
151,44.97,-94.36,0.0
153,48.56,-93.4,5.9
154,44.81,-93.06,0.5
155,47.46,-92.63,3.5
157,45.43,-93.3,0.5
158,46.32,-93.5,3.0
161,44.65,-93.64,0.0
165,45.35,-94.31,1.0
166,43.87,-91.31,0.0
167,48.72,-96.62,3.0
168,44.44,-92.28,0.0
171,46.8,-96.12,5.0
173,44.0,-95.95,0.0
176,44.24,-95.32,1.0
179,47.25,-94.22,5.0
183,45.97,-94.38,2.0
184,46.07,-94.25,2.0
185,44.98,-93.57,0.0
186,45.96,-94.89,4.0
187,46.01,-94.85,2.5
189,43.52,-91.76,0.0
194,44.13,-94.01,0.0
203,44.47,-95.79,0.0
207,45.75,-93.66,2.0
208,45.12,-95.93,1.0
210,44.93,-93.24,0.0
211,44.93,-93.32,0.0
215,44.89,-93.23,0.0
216,44.56,-96.0,0.0
217,44.16,-91.81,0.0
226,46.89,-96.75,3.0
227,45.88,-93.31,1.0
228,45.84,-93.3,2.0
230,44.34,-92.98,0.0
236,44.52,-93.48,0.0
238,44.29,-94.41,0.0
239,46.52,-95.34,6.0
240,45.53,-92.97,0.5
244,47.84,-94.26,5.0
245,45.3,-93.43,1.0
250,48.05,-92.76,6.0
253,46.41,-95.55,3.0
254,44.1,-93.23,0.0
255,44.09,-93.21,0.0
257,45.35,-94.73,1.5
258,46.67,-94.11,3.0
259,44.01,-96.33,0.0
262,43.67,-92.07,0.0
267,44.57,-92.53,0.0
269,44.55,-95.1,1.0
270,45.76,-94.21,2.0
271,45.75,-94.16,1.0
274,44.89,-93.31,0.0
276,44.04,-92.44,0.0
279,44.1,-92.46,0.0
281,43.9,-92.49,0.0
287,45.03,-93.18,0.0
289,45.04,-93.19,0.0
292,46.78,-96.66,4.0
293,45.42,-94.2,1.0
295,45.41,-93.31,0.0
300,44.94,-93.18,0.0
307,44.93,-94.2,0.0
308,43.69,-92.39,0.0
310,45.54,-94.05,1.2
316,45.05,-92.85,0.0
319,44.28,-92.19,0.0
320,48.21,-95.25,4.0
321,47.62,-90.76,6.0
323,44.24,-95.63,0.0
326,47.03,-91.67,1.0
328,47.13,-91.71,8.0
330,44.99,-93.18,0.0
332,44.38,-92.05,0.0
334,48.9,-95.41,6.0
335,44.09,-93.49,0.0
341,43.75,-93.74,0.0
343,45.81,-96.5,4.0
345,45.19,-95.06,1.0
346,43.88,-95.12,1.0
347,43.76,-94.17,0.0
350,44.09,-91.67,0.0
351,47.93,-91.8,3.5
352,47.38,-91.2,9.0
356,43.64,-95.58,0.0
357,46.68,-92.95,2.0
359,43.74,-92.31,0.0
362,44.3,-92.67,0.0
1,36.69,-91.4,0.0
2,39.89,-94.36,0.0
3,36.64,-94.49,0.0
4,36.65,-94.52,0.0
5,38.19,-94.03,0.0
6,37.26,-93.59,0.0
8,39.02,-93.2,0.0
9,38.99,-94.27,0.0
10,37.62,-93.39,0.0
11,38.96,-92.74,0.0
12,38.96,-92.74,0.0
13,39.34,-91.17,0.0
14,36.54,-93.2,0.0
15,37.67,-93.11,0.0
17,38.26,-94.4,0.0
18,38.63,-92.56,0.0
19,39.75,-94.25,0.0
20,40.14,-91.52,0.0
21,39.0,-90.69,0.0
22,36.69,-93.87,0.0
23,39.78,-93.54,0.0
25,39.37,-90.91,0.0
26,37.13,-90.78,0.0
28,38.48,-93.26,0.0
29,39.53,-93.53,0.0
30,38.95,-92.34,0.0
32,38.95,-92.37,0.0
33,38.82,-92.21,0.0
34,38.94,-92.32,0.0
35,40.24,-94.68,0.0
36,39.85,-94.71,0.0
37,38.73,-90.65,0.0
38,38.73,-90.68,0.0
40,36.99,-94.36,0.0
41,40.16,-92.17,0.0
43,38.41,-92.35,0.0
44,37.79,-90.41,0.0
45,38.48,-90.45,0.0
46,38.23,-90.4,0.0
48,38.46,-91.7,0.0
50,40.46,-94.5,0.0
53,39.72,-91.37,0.0
54,37.84,-90.23,0.0
57,38.1,-92.31,0.0
58,38.59,-92.16,0.0
59,38.59,-92.18,0.0
61,39.01,-94.59,0.0
62,39.3,-94.73,0.0
63,39.37,-94.33,0.0
65,38.59,-90.43,0.0
66,38.56,-90.42,0.0
69,37.6,-94.28,0.0
70,37.69,-92.69,0.0
71,37.55,-91.88,0.0
72,37.39,-93.95,0.0
73,39.45,-91.05,0.0
75,38.49,-92.01,0.0
77,37.32,-92.98,0.0
78,40.46,-92.18,0.0
79,39.17,-91.87,0.0
80,39.09,-91.46,0.0
81,37.21,-93.84,0.0
82,37.25,-93.94,0.0
83,39.4,-92.43,0.0
84,36.86,-93.96,0.0
85,39.64,-91.72,0.0
88,37.1,-93.81,0.0
89,37.15,-92.26,0.0
90,37.84,-94.37,0.0
91,36.67,-93.11,0.0
93,37.73,-89.92,0.0
94,38.81,-94.26,0.0
97,36.76,-90.41,0.0
99,37.9,-90.84,0.0
100,40.4,-93.58,0.0
102,38.97,-94.48,0.0
103,39.24,-93.97,0.0
104,37.96,-91.78,0.0
105,38.45,-91.38,0.0
106,37.26,-91.43,0.0
107,37.63,-91.54,0.0
108,37.66,-91.55,0.0
109,37.64,-91.47,0.0
110,39.42,-92.81,0.0
111,39.64,-91.25,0.0
112,39.68,-92.05,0.0
115,39.13,-91.0,0.0
117,40.25,-93.72,0.0
118,37.24,-93.4,0.0
119,37.24,-93.39,0.0
120,38.69,-90.52,0.0
121,38.93,-90.43,0.0
122,38.81,-90.51,0.0
123,38.75,-90.37,0.0
124,38.63,-90.27,0.0
125,38.66,-90.66,0.0
126,38.77,-90.59,0.0
127,39.77,-94.9,0.0
129,37.95,-90.07,0.0
130,37.92,-91.44,0.0
131,39.97,-91.89,0.0
132,37.7,-93.77,0.0
134,37.14,-91.63,0.0
136,36.59,-93.31,0.0
137,40.44,-95.39,0.0
138,40.08,-93.61,0.0
141,39.31,-91.49,0.0
142,37.71,-91.13,0.0
144,38.92,-93.74,0.0
146,36.58,-94.05,0.0
147,38.54,-90.97,0.0
148,39.21,-93.53,0.0
149,37.81,-92.23,0.0
150,38.7,-90.68,0.0
151,36.73,-91.87,0.0
152,36.94,-91.76,0.0
154,38.53,-93.53,0.0
155,36.98,-91.38,0.0
0,34.78,-90.12,0.0
1,32.67,-90.04,0.0
3,33.74,-90.74,0.0
4,32.32,-90.08,0.0
5,33.49,-90.98,0.0
6,33.5,-90.09,0.0
8,31.27,-89.26,0.0
10,32.34,-90.22,0.0
11,32.32,-90.08,0.0
12,32.33,-88.75,0.0
14,34.26,-88.77,0.0
0,47.0,-114.48,6.0
2,46.17,-113.09,9.0
4,45.69,-104.39,0.0
6,45.1,-105.32,0.0
7,45.04,-105.48,1.0
8,45.83,-109.95,0.0
11,48.07,-114.01,3.0
12,48.05,-114.0,4.0
16,45.72,-108.52,0.5
17,45.71,-108.65,1.5
18,45.81,-108.55,1.2
19,45.77,-108.48,0.0
21,46.84,-113.83,3.5
22,46.79,-113.74,6.1
24,45.66,-111.03,8.8
25,45.79,-111.16,1.2
26,45.66,-111.05,7.0
27,48.08,-111.26,0.0
28,45.82,-106.23,4.0
29,48.52,-105.3,5.0
32,45.67,-105.62,1.0
33,47.87,-104.9,3.0
35,45.54,-106.96,3.0
36,47.93,-112.29,0.0
39,48.59,-109.23,1.0
40,47.82,-112.19,1.0
41,47.41,-105.6,1.0
42,47.06,-106.62,1.0
43,45.89,-106.63,2.0
45,45.64,-109.27,12.0
49,48.08,-107.52,1.0
50,48.15,-104.51,5.0
52,45.26,-112.55,0.0
53,45.21,-112.64,0.0
54,48.72,-111.48,0.0
56,45.89,-104.55,1.0
57,45.34,-111.71,0.0
62,46.82,-108.37,2.0
63,46.27,-106.68,4.0
64,48.5,-109.8,1.0
65,48.46,-108.78,2.0
66,47.83,-110.66,0.0
69,46.04,-109.5,0.0
71,48.2,-106.63,5.0
72,48.35,-106.84,3.0
74,47.71,-107.26,5.0
75,48.21,-106.62,2.0
76,48.21,-106.63,4.0
78,47.11,-104.72,2.0
79,48.98,-111.4,0.0
80,44.97,-113.0,0.0
83,47.46,-111.39,0.0
88,46.44,-109.84,0.0
89,46.58,-109.95,5.0
91,46.75,-112.03,1.0
93,46.64,-111.92,1.0
94,46.6,-111.99,1.2
95,48.35,-107.15,5.0
97,48.42,-104.46,4.0
98,46.92,-104.9,4.0
100,45.92,-108.25,1.0
101,46.29,-107.23,4.0
102,45.94,-107.14,2.0
103,46.57,-107.19,2.0
104,46.54,-104.75,1.0
105,46.68,-109.75,8.0
107,48.09,-114.46,5.0
108,48.21,-114.08,5.0
109,48.21,-114.37,5.8
110,48.22,-114.27,3.1
111,48.3,-114.26,2.0
112,45.87,-104.16,1.0
115,48.41,-115.32,3.0
116,47.41,-113.71,14.0
117,47.23,-105.15,5.0
119,45.5,-110.56,4.0
121,45.64,-110.43,2.0
122,45.88,-111.41,0.0
123,47.94,-110.5,0.0
125,47.84,-107.96,6.0
128,48.48,-104.45,3.0
131,46.1,-110.05,3.0
132,46.77,-105.03,3.0
133,46.86,-114.1,2.5
134,46.94,-114.02,3.0
135,46.92,-114.09,2.0
136,46.92,-114.09,1.2
137,46.29,-105.29,3.0
139,45.18,-105.75,1.0
140,47.02,-107.82,2.0
141,45.24,-109.73,6.0
143,45.49,-111.63,0.0
144,48.03,-115.85,19.5
145,49.0,-106.38,3.0
146,48.7,-106.32,4.0
151,48.77,-104.57,7.0
153,46.42,-104.52,4.0
154,46.2,-108.0,1.0
155,49.0,-107.83,1.0
157,45.85,-105.04,4.0
158,49.0,-104.58,2.0
161,45.67,-109.47,3.0
166,46.47,-108.52,2.0
167,46.33,-108.74,0.0
171,46.35,-108.48,1.4
175,46.3,-109.26,1.0
177,46.53,-109.34,2.0
178,48.47,-107.35,3.0
179,48.84,-105.47,1.0
180,47.18,-113.46,12.0
183,48.51,-111.86,0.0
184,47.73,-104.15,4.0
185,47.68,-104.16,3.0
186,49.0,-110.22,0.0
188,45.32,-105.91,1.0
189,45.74,-110.22,0.0
190,48.41,-106.51,2.0
192,47.48,-111.74,0.0
193,46.79,-105.3,2.0
194,47.69,-115.48,14.5
196,46.3,-111.45,1.0
200,47.34,-108.5,0.0
201,48.5,-113.98,16.0
202,44.66,-111.09,16.0
206,45.99,-110.66,1.0
207,46.92,-108.56,4.0
208,47.08,-108.32,8.0
209,48.1,-105.65,1.0
211,48.95,-115.63,21.0
212,45.31,-107.94,0.0
213,47.92,-108.52,3.0
0,35.15,-79.43,0.0
2,35.59,-82.55,0.0
5,35.43,-82.54,0.0
6,34.7,-76.74,0.0
8,35.92,-82.44,0.0
9,36.16,-81.87,0.0
10,35.76,-82.43,0.0
11,35.13,-76.82,0.0
12,34.73,-76.66,0.0
13,36.19,-81.87,0.0
15,35.54,-76.62,0.0
17,35.5,-82.6,0.0
18,35.63,-82.32,0.0
19,36.21,-81.65,0.0
20,35.23,-82.74,0.0
21,35.26,-82.74,0.0
22,35.45,-83.46,0.0
23,36.1,-82.17,0.0
25,35.55,-82.7,0.0
26,35.55,-82.69,0.0
27,35.23,-75.62,0.0
28,35.51,-81.62,0.0
29,34.98,-76.3,0.0
30,35.83,-82.18,0.0
31,35.91,-79.08,0.0
32,35.96,-79.04,0.0
33,35.22,-80.95,0.0
35,35.71,-76.13,0.0
36,35.41,-80.56,0.0
37,35.06,-83.43,0.0
38,35.31,-83.17,0.0
39,36.43,-80.18,0.0
41,36.47,-79.74,0.0
42,36.02,-76.55,0.0
43,36.31,-76.21,0.0
44,36.26,-76.17,0.0
45,36.25,-80.86,0.0
46,35.54,-82.65,0.0
47,35.54,-76.31,0.0
48,36.25,-81.91,0.0
49,35.31,-81.99,0.0
50,36.15,-81.79,0.0
51,35.18,-83.39,0.0
54,35.27,-81.14,0.0
55,35.43,-76.71,0.0
56,36.09,-81.84,0.0
57,36.1,-79.94,0.0
58,35.64,-77.4,0.0
59,36.14,-80.81,0.0
60,35.05,-83.81,0.0
61,36.35,-78.41,0.0
62,35.33,-82.45,0.0
65,35.06,-83.2,0.0
66,35.9,-82.83,0.0
67,36.4,-77.42,0.0
68,34.8,-77.4,0.0
69,36.42,-81.43,0.0
70,36.28,-80.36,0.0
71,35.3,-77.57,0.0
72,35.42,-82.19,0.0
73,35.1,-82.95,0.0
74,34.75,-79.47,0.0
76,35.62,-82.76,0.0
77,34.2,-78.09,0.0
78,35.91,-81.54,0.0
79,36.13,-77.17,0.0
80,35.4,-78.85,0.0
81,35.48,-81.28,0.0
82,35.46,-81.33,0.0
85,35.92,-75.7,0.0
86,35.68,-82.01,0.0
87,35.8,-82.67,0.0
89,34.98,-80.52,0.0
90,34.73,-76.74,0.0
91,35.73,-81.67,0.0
93,36.5,-80.65,0.0
94,35.14,-77.99,0.0
95,35.41,-80.43,0.0
96,35.76,-82.27,0.0
97,36.45,-77.08,0.0
98,35.07,-83.97,0.0
99,35.07,-77.05,0.0
101,34.78,-76.88,0.0
102,35.64,-81.18,0.0
103,35.66,-82.35,0.0
104,36.16,-81.15,0.0
106,35.52,-83.31,0.0
107,35.11,-75.99,0.0
108,35.67,-82.12,0.0
109,35.06,-77.09,0.0
110,35.27,-82.65,0.0
112,35.79,-79.21,0.0
113,35.87,-76.66,0.0
116,35.87,-78.64,0.0
118,35.89,-78.78,0.0
119,35.13,-76.92,0.0
120,36.38,-79.69,0.0
121,34.92,-77.51,0.0
122,36.48,-77.67,0.0
123,35.14,-82.82,0.0
124,35.68,-80.48,0.0
125,35.7,-80.62,0.0
126,35.57,-78.29,0.0
128,35.31,-81.57,0.0
129,35.5,-77.66,0.0
130,36.13,-75.73,0.0
131,36.46,-81.15,0.0
132,35.93,-82.0,0.0
133,35.81,-80.88,0.0
135,35.92,-81.17,0.0
137,36.4,-81.31,0.0
138,35.21,-82.25,0.0
139,35.52,-81.44,0.0
140,36.13,-81.23,0.0
141,34.73,-77.98,0.0
142,35.55,-77.07,0.0
143,35.49,-82.97,0.0
144,35.71,-82.46,0.0
145,35.85,-77.03,0.0
146,34.14,-77.88,0.0
149,36.13,-80.55,0.0
150,36.05,-80.6,0.0
151,36.38,-79.26,0.0
1,46.04,-99.37,3.0
2,46.91,-104.0,1.0
3,48.84,-99.75,6.0
4,46.81,-100.79,4.0
5,46.78,-100.76,2.0
7,46.19,-103.37,4.0
12,47.06,-101.21,5.0
15,46.89,-102.78,1.0
16,48.05,-100.31,3.0
18,46.91,-96.78,3.0
21,46.83,-96.8,3.0
23,46.92,-96.81,3.1
24,46.09,-100.66,2.0
25,46.16,-98.4,12.0
30,47.94,-97.18,3.1
31,47.92,-97.1,3.0
33,47.4,-103.21,4.0
34,46.52,-100.35,3.0
37,46.88,-98.68,3.0
39,47.37,-102.76,4.0
40,46.36,-98.92,3.5
43,48.76,-98.34,10.0
45,48.63,-101.38,4.0
47,46.07,-97.15,3.0
48,46.44,-97.69,3.0
49,46.81,-100.88,4.0
50,47.82,-101.29,5.0
52,47.5,-97.35,3.0
53,47.48,-100.44,3.0
54,47.58,-98.64,2.0
55,46.39,-97.24,4.0
58,46.7,-98.58,5.0
60,46.51,-99.77,3.0
61,46.89,-101.49,3.0
62,48.97,-97.24,6.0
66,47.0,-102.48,2.0
76,48.61,-100.29,6.0
0,40.45,-96.51,0.0
3,41.69,-98.01,0.0
6,41.43,-99.13,0.0
7,41.42,-99.16,0.0
10,40.37,-95.75,0.0
12,40.3,-96.75,0.0
15,40.06,-101.54,0.0
19,42.59,-97.64,0.0
20,40.31,-98.5,0.0
21,40.88,-97.75,0.0
22,41.02,-100.37,0.0
23,41.67,-103.1,0.0
24,41.56,-103.37,0.0
25,41.61,-102.9,0.0
29,41.01,-103.88,0.0
30,42.91,-98.85,0.0
31,41.25,-100.07,0.0
33,40.69,-99.7,0.0
36,42.81,-103.05,0.0
37,40.52,-98.05,0.0
39,41.46,-97.33,0.0
40,42.38,-96.99,0.0
41,40.61,-96.87,0.0
42,42.74,-97.5,0.0
44,40.23,-100.83,0.0
47,40.93,-96.66,0.0
48,41.25,-97.06,0.0
49,40.77,-98.36,0.0
51,41.99,-98.07,0.0
52,41.29,-96.22,0.0
55,40.48,-99.89,0.0
56,42.28,-96.72,0.0
59,42.09,-98.38,0.0
60,40.15,-97.18,0.0
61,40.07,-97.17,0.0
62,40.08,-95.52,0.0
65,41.45,-96.09,0.0
66,40.1,-98.94,0.0
67,41.43,-96.47,0.0
68,41.43,-96.49,0.0
69,40.66,-97.22,0.0
70,40.54,-97.59,0.0
73,40.9,-98.4,0.0
74,40.96,-98.31,0.0
75,41.55,-98.53,0.0
76,41.13,-96.25,0.0
78,41.18,-96.22,0.0
79,41.9,-100.3,0.0
82,41.46,-103.86,0.0
84,42.8,-103.79,0.0
85,42.62,-97.26,0.0
86,40.6,-98.4,0.0
87,40.58,-98.37,0.0
88,40.56,-98.38,0.0
89,40.59,-98.43,0.0
90,40.65,-98.38,0.0
91,40.6,-98.43,0.0
93,40.52,-101.03,0.0
94,40.17,-97.59,0.0
96,40.45,-99.38,0.0
97,41.72,-97.0,0.0
98,40.51,-101.65,0.0
99,40.73,-99.01,0.0
100,41.21,-101.67,0.0
101,41.18,-96.08,0.0
106,40.75,-96.59,0.0
108,40.85,-96.76,0.0
109,41.5,-102.62,0.0
110,41.27,-102.66,0.0
111,41.15,-102.64,0.0
112,41.76,-98.21,0.0
113,41.28,-98.97,0.0
114,41.94,-96.48,0.0
116,40.3,-101.38,0.0
117,40.23,-100.61,0.0
118,40.22,-100.63,0.0
120,41.14,-96.48,0.0
123,40.52,-98.95,0.0
125,42.01,-101.04,0.0
127,40.08,-99.14,0.0
128,40.7,-95.89,0.0
129,42.13,-98.03,0.0
130,40.2,-98.06,0.0
131,42.65,-96.88,0.0
132,41.57,-96.44,0.0
134,42.03,-97.49,0.0
135,41.98,-97.43,0.0
137,41.13,-100.7,0.0
140,41.12,-100.67,0.0
141,42.06,-97.97,0.0
142,41.13,-101.72,0.0
146,41.31,-95.9,0.0
147,42.47,-98.22,0.0
149,40.13,-99.48,0.0
150,41.18,-97.55,0.0
152,40.33,-99.65,0.0
155,42.2,-97.52,0.0
162,42.32,-98.09,0.0
163,41.21,-98.46,0.0
164,40.02,-95.79,0.0
166,41.87,-103.6,0.0
167,40.92,-97.09,0.0
168,41.22,-97.39,0.0
170,40.2,-95.71,0.0
174,42.84,-99.78,0.0
175,42.04,-97.17,0.0
176,40.03,-98.08,0.0
177,40.67,-96.19,0.0
178,40.24,-96.08,0.0
179,40.35,-96.19,0.0
180,41.79,-96.23,0.0
181,40.19,-101.07,0.0
182,40.9,-97.35,0.0
187,41.32,-96.37,0.0
188,42.72,-98.22,0.0
189,42.3,-96.9,0.0
193,42.24,-97.01,0.0
195,41.85,-96.71,0.0
0,43.93,-71.22,5.0
2,43.73,-71.64,6.5
4,43.44,-71.51,4.0
5,44.45,-71.19,4.0
7,43.15,-71.56,3.0
9,43.59,-71.74,5.5
10,43.61,-71.67,5.0
14,44.34,-71.46,3.0
15,43.21,-71.41,2.0
17,43.2,-71.5,3.1
19,43.52,-71.82,5.0
21,42.94,-71.35,2.5
22,42.98,-71.27,2.5
24,43.23,-70.89,2.5
27,42.83,-71.63,1.0
28,43.81,-71.34,6.0
32,43.03,-71.08,1.0
37,42.78,-71.78,1.0
42,43.19,-71.75,3.0
43,42.78,-71.41,1.0
44,44.19,-71.23,5.0
45,42.81,-72.01,1.0
46,44.42,-71.5,4.0
47,42.94,-72.32,1.0
52,43.55,-71.46,2.0
53,44.5,-71.58,5.0
55,44.32,-71.91,5.5
57,42.93,-71.44,3.1
59,43.7,-71.47,5.0
61,44.27,-71.3,5.9
62,42.73,-71.48,0.0
63,43.66,-71.64,8.0
64,43.38,-72.18,4.0
66,44.06,-71.13,6.0
67,44.04,-71.14,8.5
68,44.03,-71.12,5.3
69,43.44,-71.54,5.5
70,44.53,-71.5,5.0
71,43.2,-71.26,2.0
72,43.1,-71.1,2.5
74,44.26,-71.25,6.0
75,43.3,-71.33,1.5
77,43.79,-71.68,7.0
80,43.5,-71.63,4.0
81,43.3,-71.9,4.5
82,43.31,-71.14,3.0
84,43.34,-71.95,2.0
85,43.86,-71.27,5.0
86,43.48,-71.55,4.0
87,43.64,-71.05,3.5
90,42.91,-71.2,2.0
92,43.58,-71.22,4.5
0,41.02,-74.76,0.5
1,39.45,-74.57,0.0
3,40.68,-74.57,0.0
6,40.98,-74.95,1.0
7,40.89,-74.4,0.0
10,40.63,-74.65,0.0
13,40.74,-74.35,0.0
14,38.95,-74.94,0.0
15,40.86,-74.24,0.0
20,40.69,-74.86,0.0
23,39.39,-74.62,0.0
24,39.38,-74.83,0.0
29,40.57,-74.88,0.0
31,40.49,-74.51,0.0
33,39.59,-75.07,0.0
37,40.31,-74.25,0.0
38,40.97,-74.92,1.0
39,39.46,-74.51,0.0
43,40.23,-74.65,0.0
44,39.64,-74.8,0.0
46,41.09,-74.54,0.3
47,40.75,-74.15,0.0
48,40.94,-74.15,0.0
49,40.27,-74.56,0.0
50,40.47,-74.62,0.0
53,40.18,-74.24,0.0
55,40.96,-74.62,0.5
56,40.91,-75.06,0.2
57,39.86,-74.14,0.0
64,40.3,-74.0,0.0
65,40.3,-74.0,0.0
67,40.75,-74.43,0.0
68,40.07,-74.74,0.0
71,39.34,-74.5,0.0
73,40.77,-74.63,0.0
75,40.84,-74.21,0.0
78,39.97,-74.86,0.0
80,40.47,-74.42,0.0
82,40.68,-74.17,0.0
84,41.02,-74.23,0.0
85,39.25,-74.62,0.0
87,40.46,-74.24,0.0
88,40.85,-74.0,0.0
89,40.31,-74.77,0.0
90,39.97,-75.02,0.0
91,40.01,-74.82,0.0
94,40.09,-74.05,0.0
97,40.59,-75.19,0.0
99,41.01,-74.66,0.5
101,41.22,-74.62,0.0
106,41.23,-74.6,0.5
0,36.3,-104.25,0.0
1,36.24,-106.43,0.0
5,35.13,-106.54,0.0
6,35.11,-106.54,0.0
7,35.08,-106.55,0.0
12,35.17,-106.51,0.0
20,35.19,-106.74,0.0
21,35.13,-106.5,0.0
22,35.04,-106.62,0.0
24,36.09,-106.06,0.0
26,35.87,-103.18,0.0
27,36.39,-105.28,3.5
29,36.39,-105.29,2.0
30,31.33,-108.53,0.0
40,35.3,-106.55,0.0
41,34.42,-106.83,0.0
42,33.91,-106.35,0.0
43,33.46,-104.4,0.0
44,33.8,-106.89,0.0
45,32.52,-104.38,0.0
46,33.02,-108.69,0.0
49,33.34,-103.68,0.0
50,36.74,-103.99,0.0
51,36.74,-105.6,0.0
52,36.17,-105.34,3.0
56,36.47,-104.95,0.0
57,36.45,-103.19,0.0
58,36.45,-103.15,0.0
59,32.83,-108.5,0.0
61,32.93,-105.76,0.0
62,35.64,-106.33,0.0
63,35.41,-104.19,0.0
64,36.0,-106.97,0.0
65,35.09,-107.52,0.0
66,34.14,-107.88,0.0
67,36.56,-105.26,1.0
69,35.09,-106.21,0.0
70,35.09,-106.22,0.0
76,35.53,-105.93,0.0
77,32.92,-105.34,0.0
79,36.05,-106.15,0.0
83,36.69,-108.31,0.0
85,34.39,-104.25,0.0
87,35.53,-108.7,0.0
88,35.89,-105.45,0.0
89,36.33,-106.47,0.0
90,33.2,-108.21,0.0
91,33.32,-108.88,0.0
92,35.59,-105.73,0.0
93,35.27,-106.21,0.0
95,31.92,-108.34,0.0
96,32.92,-107.57,0.0
97,32.81,-104.74,0.0
100,35.39,-106.54,0.0
102,35.78,-106.69,0.0
103,35.95,-107.09,0.0
104,32.62,-106.74,0.0
105,33.02,-105.85,0.0
108,35.57,-105.21,0.0
109,35.36,-103.47,0.0
110,35.9,-106.26,0.0
112,34.81,-106.73,0.0
113,34.77,-106.76,0.0
115,35.31,-108.1,0.0
116,35.01,-106.04,0.0
118,32.95,-105.82,0.0
119,34.52,-106.26,0.0
121,34.62,-106.31,0.0
123,33.49,-105.69,0.0
124,36.18,-105.06,0.0
126,36.33,-107.84,0.0
127,36.3,-103.74,0.0
130,34.62,-105.47,0.0
132,35.14,-106.71,0.0
137,34.17,-103.35,0.0
139,34.78,-103.75,0.0
141,36.92,-104.43,0.0
143,32.7,-108.73,0.0
144,33.72,-108.78,0.0
146,35.28,-106.62,0.0
147,35.25,-106.63,0.0
148,35.22,-106.67,0.0
151,35.31,-106.59,0.0
152,35.35,-106.63,0.0
153,35.9,-103.53,0.0
154,33.31,-104.51,0.0
158,35.16,-106.3,0.0
167,35.48,-106.1,0.0
170,35.7,-105.91,0.0
175,35.54,-105.93,0.0
177,35.6,-105.93,0.0
178,31.87,-106.7,0.0
183,34.06,-106.88,0.0
184,35.18,-105.94,0.0
185,32.28,-106.76,0.0
186,34.6,-104.38,0.0
187,32.79,-105.82,0.0
193,34.98,-106.34,0.0
194,34.98,-106.32,0.0
195,35.8,-107.18,0.0
196,35.2,-103.69,0.0
198,35.27,-105.36,0.0
200,32.38,-103.8,0.0
201,32.78,-106.18,0.0
202,32.56,-108.36,0.0
203,35.95,-106.75,6.0
204,34.4,-104.61,0.0
1,39.9,-116.59,2.0
3,39.13,-119.77,0.0
5,39.17,-119.77,0.0
8,37.8,-114.41,0.0
9,38.98,-119.89,36.0
11,36.62,-116.03,0.0
12,40.86,-115.74,4.0
13,40.82,-115.79,3.9
14,39.3,-114.85,9.1
15,39.52,-115.96,0.0
17,38.94,-119.84,0.5
18,38.9,-119.84,5.0
21,39.01,-114.22,12.0
23,37.56,-115.22,0.0
26,41.98,-114.66,3.0
27,41.88,-115.43,14.0
28,40.44,-115.66,0.0
30,40.06,-114.61,0.0
31,40.74,-115.49,3.0
32,36.05,-115.18,0.0
34,40.17,-118.48,0.0
35,36.07,-115.16,0.0
36,42.0,-117.72,10.0
37,38.39,-118.11,0.0
38,38.95,-119.78,0.0
41,39.36,-115.33,6.0
42,36.26,-115.64,16.0
43,41.57,-117.84,2.0
44,40.44,-116.12,6.0
46,39.06,-117.41,0.0
49,39.79,-119.89,11.8
51,39.85,-119.93,0.5
54,39.47,-119.83,0.0
58,39.48,-119.72,0.0
61,39.52,-119.99,0.7
62,39.51,-119.77,0.0
63,38.7,-117.17,1.0
65,39.28,-114.99,15.0
67,39.64,-119.71,0.0
68,39.56,-119.73,0.0
73,40.76,-115.58,2.5
75,39.63,-119.88,0.0
78,38.07,-117.24,2.0
79,38.07,-117.24,2.5
80,38.74,-119.52,2.0
81,39.31,-119.65,5.0
85,40.98,-114.17,0.0
86,41.64,-115.8,15.0
88,40.94,-117.75,1.0
89,40.9,-117.81,1.2
90,39.0,-119.16,0.0
1,42.66,-73.81,1.0
3,42.75,-73.8,1.2
5,43.26,-78.22,0.0
6,42.47,-73.93,1.0
9,42.67,-74.05,2.5
13,42.95,-74.2,1.0
14,42.93,-74.07,1.5
15,42.02,-73.59,0.5
16,42.31,-78.02,0.0
19,42.81,-78.4,0.0
20,42.93,-76.54,0.0
22,42.79,-76.7,0.0
23,42.73,-76.66,0.0
24,42.64,-73.57,0.5
25,42.92,-77.76,0.0
28,43.2,-76.29,0.5
31,42.27,-77.41,0.0
36,42.33,-76.19,2.5
38,42.21,-75.98,1.2
39,42.11,-75.89,0.0
41,43.44,-75.37,3.0
42,42.65,-78.72,0.0
43,42.65,-78.7,0.0
45,40.95,-72.3,0.0
47,42.75,-77.34,0.0
49,43.22,-77.95,0.0
50,43.22,-77.95,0.0
51,40.68,-73.99,0.0
52,42.94,-78.74,0.0
54,41.83,-74.95,2.0
55,43.04,-76.33,2.0
57,42.82,-77.29,0.0
59,42.25,-76.34,0.0
60,41.47,-73.65,0.0
64,40.88,-73.37,0.0
65,43.76,-75.3,4.5
66,42.93,-78.78,0.0
67,42.94,-78.72,0.0
70,43.03,-75.83,0.0
72,42.96,-78.67,0.0
73,43.01,-78.63,0.0
77,43.08,-76.88,0.0
79,42.65,-78.71,0.0
80,43.32,-73.93,3.0
81,42.72,-74.93,0.0
85,42.56,-77.72,0.0
86,42.57,-77.68,0.0
87,42.53,-77.76,0.0
88,42.77,-74.17,1.0
92,42.23,-79.44,0.0
94,42.47,-79.33,0.0
96,43.02,-78.72,0.0
97,42.77,-78.62,0.0
99,42.73,-78.61,0.0
100,42.81,-78.6,0.0
103,44.21,-73.6,4.0
106,42.1,-76.84,0.0
107,42.1,-76.83,0.0
109,42.47,-75.01,0.0
115,42.24,-74.52,0.5
116,40.72,-73.71,0.0
118,42.33,-78.46,0.0
120,42.44,-79.35,0.0
121,42.36,-73.98,0.8
122,42.53,-76.02,1.0
127,42.88,-77.03,0.0
128,42.21,-79.25,0.0
130,42.6,-78.64,0.0
131,43.12,-74.42,2.0
134,42.32,-75.77,0.0
136,42.41,-74.01,1.0
138,42.59,-76.37,1.0
142,44.61,-74.97,2.5
143,42.66,-75.05,0.5
144,42.86,-74.72,1.6
146,41.71,-73.97,0.5
147,43.61,-75.55,6.0
148,42.26,-73.54,1.0
152,42.79,-77.51,0.0
155,41.61,-73.76,0.5
156,42.35,-77.7,0.0
157,41.88,-74.06,1.0
158,43.01,-75.05,2.0
159,43.75,-74.28,5.0
160,40.79,-73.1,0.0
165,42.11,-79.16,0.0
166,40.64,-73.76,0.0
167,42.96,-78.87,0.0
168,42.13,-79.07,0.0
171,41.68,-73.72,0.5
172,40.78,-73.88,0.0
175,44.3,-73.98,5.0
176,43.45,-74.45,4.0
177,42.73,-78.92,0.0
178,43.37,-78.28,0.0
180,42.97,-77.97,0.0
182,42.25,-78.81,0.0
185,43.18,-78.68,0.0
186,43.15,-78.65,0.0
187,43.19,-78.61,0.0
190,43.99,-74.42,3.0
191,43.79,-75.48,4.0
195,44.84,-74.31,2.0
198,42.53,-74.92,0.5
199,40.99,-72.51,0.0
200,42.25,-79.5,0.0
201,42.44,-76.76,0.0
202,43.22,-78.4,0.0
203,43.22,-78.4,0.0
204,43.44,-76.27,1.0
205,42.65,-77.27,0.0
207,41.75,-73.65,0.5
211,40.93,-73.02,0.0
215,43.06,-75.29,0.5
217,43.29,-78.71,0.0
218,42.3,-76.61,0.0
219,43.09,-78.97,0.0
223,42.85,-73.9,0.0
225,43.66,-73.9,4.0
226,43.06,-78.86,0.0
227,43.06,-78.86,0.0
229,40.92,-73.33,0.0
232,42.51,-75.52,1.0
233,42.53,-75.63,1.5
235,42.68,-73.82,1.0
236,40.78,-73.97,0.0
238,42.07,-78.45,0.0
240,43.08,-75.67,0.5
241,41.13,-72.26,0.0
242,43.45,-76.54,0.0
243,42.15,-77.09,0.0
245,43.08,-77.25,0.0
246,42.87,-77.99,0.0
248,43.1,-78.71,0.0
251,42.07,-74.34,1.0
252,41.59,-74.36,0.5
253,43.03,-77.49,0.0
254,44.69,-73.46,2.0
256,43.37,-75.54,3.0
257,40.92,-73.07,0.0
258,41.39,-74.69,0.0
259,41.36,-74.64,1.0
264,43.57,-76.12,0.0
269,42.01,-73.86,0.7
270,43.64,-75.88,4.0
271,41.98,-73.91,1.0
272,40.9,-72.86,0.0
273,40.9,-72.85,0.0
274,40.93,-72.67,0.0
275,40.96,-72.72,0.0
278,41.59,-74.61,1.0
281,42.39,-78.25,0.0
283,43.16,-74.81,3.0
284,43.17,-78.82,0.0
285,44.64,-73.74,4.0
286,44.41,-74.15,4.0
287,43.06,-73.78,2.0
288,42.67,-74.3,0.0
292,43.03,-77.76,0.0
293,42.68,-75.51,0.0
295,42.54,-79.17,0.0
296,42.53,-79.16,0.0
297,42.71,-78.09,0.0
299,42.39,-76.72,0.0
302,42.06,-77.05,0.0
307,42.55,-78.58,0.0
308,43.0,-78.05,0.0
312,40.82,-73.49,0.0
313,43.11,-76.1,1.2
316,43.01,-78.83,0.0
317,42.76,-73.65,1.0
318,42.75,-73.69,0.0
320,44.23,-74.44,0.0
321,40.87,-72.86,0.0
322,42.46,-73.67,1.0
326,41.54,-74.19,0.5
327,42.74,-78.59,0.0
329,42.18,-75.15,1.0
331,40.67,-73.51,0.0
332,41.59,-73.89,0.0
334,42.74,-78.21,0.0
335,42.69,-78.22,0.0
338,43.24,-77.39,0.0
340,42.12,-77.95,0.0
341,42.14,-77.91,0.0
344,43.97,-75.62,2.5
348,42.81,-78.71,0.0
349,43.16,-75.46,1.0
351,42.06,-77.76,0.0
353,42.34,-75.97,0.0
356,42.01,-75.51,1.0
359,42.82,-78.15,0.0
0,40.92,-81.44,0.0
1,39.25,-82.27,0.0
2,40.12,-82.63,0.0
3,39.02,-84.22,0.0
4,40.83,-82.38,0.0
5,39.32,-82.1,0.0
8,41.12,-81.01,0.0
9,39.55,-81.63,0.0
12,40.15,-84.46,0.0
14,41.25,-81.81,0.0
16,40.81,-82.97,0.0
17,40.81,-82.98,0.0
20,40.29,-82.65,0.0
22,41.59,-81.19,0.0
24,39.15,-84.68,0.0
26,39.38,-83.08,0.0
27,39.11,-84.64,0.0
28,39.21,-84.55,0.0
32,41.41,-81.85,0.0
33,40.03,-83.03,0.0
35,40.24,-81.87,0.0
36,41.16,-81.5,0.0
37,40.44,-82.3,0.0
38,39.91,-84.22,0.0
39,41.28,-84.38,0.0
41,40.41,-81.34,0.0
42,40.55,-81.56,0.0
43,40.13,-83.07,0.0
45,41.5,-84.77,0.0
46,41.49,-83.21,0.0
47,41.38,-82.1,0.0
52,39.55,-84.32,0.0
54,38.82,-82.18,0.0
58,39.85,-83.06,0.0
61,39.67,-80.87,0.0
65,39.08,-82.71,0.0
67,39.99,-82.88,0.0
69,41.2,-81.34,0.0
71,40.0,-82.6,0.0
72,41.47,-81.81,0.0
73,39.42,-84.15,0.0
74,40.2,-82.98,0.0
77,40.72,-84.13,0.0
79,39.9,-83.51,0.0
81,39.29,-84.22,0.0
83,38.88,-83.0,0.0
88,40.82,-82.52,0.0
90,39.41,-81.43,0.0
92,40.19,-83.27,0.0
95,41.68,-81.3,0.0
96,41.46,-81.07,0.0
97,40.54,-81.92,0.0
104,40.51,-82.76,0.0
106,41.39,-84.14,0.0
107,41.38,-84.15,0.0
108,41.46,-84.15,0.0
109,39.5,-82.24,0.0
111,39.93,-84.03,0.0
112,39.74,-84.4,0.0
113,39.73,-82.22,0.0
115,40.09,-82.41,0.0
116,39.39,-81.22,0.0
117,41.2,-80.97,0.0
119,41.28,-82.22,0.0
120,41.63,-83.44,0.0
121,41.03,-84.05,0.0
122,40.95,-83.96,0.0
123,41.37,-81.7,0.0
124,41.41,-81.74,0.0
125,41.12,-84.59,0.0
126,41.54,-83.65,0.0
127,39.96,-84.49,0.0
128,38.76,-82.89,0.0
131,41.14,-81.28,0.0
132,40.35,-83.48,0.0
133,38.79,-82.98,0.0
134,39.82,-82.07,0.0
136,39.07,-82.29,0.0
138,41.39,-81.67,0.0
140,40.89,-82.66,0.0
142,40.14,-83.93,0.0
143,41.13,-81.45,0.0
145,41.3,-81.82,0.0
146,40.2,-82.77,0.0
147,41.67,-83.84,0.0
148,41.11,-81.42,0.0
149,41.06,-83.11,0.0
150,39.96,-84.17,0.0
151,41.59,-83.81,0.0
155,40.85,-84.58,0.0
158,41.32,-82.38,0.0
159,41.2,-80.81,0.0
160,41.52,-84.15,0.0
161,39.11,-82.98,0.0
163,40.13,-82.94,0.0
167,41.45,-81.93,0.0
168,39.42,-83.82,0.0
169,41.62,-81.45,0.0
173,39.43,-83.78,0.0
176,39.66,-83.98,0.0
178,41.25,-80.67,0.0
0,34.22,-95.61,0.0
1,34.16,-95.54,0.0
2,36.76,-96.01,0.0
3,34.38,-94.9,0.0
4,36.1,-95.81,0.0
5,35.36,-99.2,0.0
6,34.5,-97.96,0.0
7,35.75,-97.47,0.0
9,34.35,-98.99,0.0
10,36.3,-99.77,0.0
11,36.85,-100.06,0.0
12,35.85,-97.41,0.0
13,34.63,-99.14,0.0
14,36.54,-98.27,0.0
15,34.99,-99.05,0.0
16,36.86,-101.22,0.0
17,33.93,-94.83,0.0
20,34.56,-98.42,0.0
21,34.09,-96.77,0.0
23,35.78,-95.33,0.0
24,36.23,-99.17,0.0
25,35.08,-97.38,0.0
27,35.24,-97.49,0.0
29,35.73,-97.97,0.0
30,35.51,-97.54,0.0
31,35.54,-97.65,0.0
32,35.39,-97.6,0.0
33,36.27,-95.81,0.0
35,36.74,-97.1,0.0
36,36.39,-95.06,0.0
37,36.16,-97.09,0.0
38,36.2,-95.88,0.0
39,36.35,-94.82,0.0
41,35.52,-98.7,0.0
0,44.61,-123.09,0.0
2,44.6,-123.08,0.0
9,44.4,-123.75,0.0
10,42.2,-121.73,4.0
16,42.21,-122.71,2.0
17,42.2,-122.7,1.4
19,42.18,-122.7,3.0
20,42.19,-122.72,2.8
22,42.18,-122.68,3.1
27,43.15,-124.4,0.0
33,44.29,-122.04,14.0
37,44.06,-121.27,1.0
38,44.07,-121.36,1.5
40,44.14,-121.34,0.8
41,44.12,-121.21,0.0
42,44.64,-123.58,0.4
45,45.64,-121.95,0.0
48,42.07,-124.21,0.0
52,42.94,-123.28,0.0
53,45.68,-121.87,0.0
55,42.49,-122.95,3.5
61,43.38,-124.24,0.0
64,43.18,-124.19,0.0
65,45.45,-123.01,0.0
70,44.55,-123.26,0.0
71,44.59,-123.23,0.0
72,44.53,-123.26,0.0
81,44.63,-123.19,0.0
82,44.51,-123.46,2.0
84,43.79,-123.03,0.0
86,44.13,-122.24,0.0
88,42.9,-122.13,47.0
91,44.95,-123.29,0.0
96,44.72,-122.25,0.0
97,43.92,-122.82,0.0
99,45.46,-123.11,0.0
100,43.78,-122.96,0.0
102,42.38,-122.76,1.0
103,45.71,-117.91,11.0
104,43.64,-123.58,0.0
106,45.27,-122.32,0.0
120,44.13,-123.22,0.0
121,44.05,-123.37,0.0
122,42.33,-118.66,1.0
124,44.0,-124.09,0.0
125,44.0,-124.11,0.0
127,45.52,-123.1,0.0
129,44.41,-122.67,0.0
133,42.43,-123.05,2.0
134,42.51,-123.09,10.5
135,45.09,-123.67,0.2
136,42.42,-123.32,0.0
138,42.47,-123.43,1.5
139,42.36,-123.29,0.2
140,42.45,-123.51,3.0
143,44.88,-117.11,5.0
144,45.45,-122.56,0.0
145,45.43,-122.5,0.0
147,45.31,-123.35,1.0
148,45.45,-122.15,0.0
149,45.37,-119.56,0.0
154,43.53,-119.19,2.0
155,44.35,-122.78,0.0
156,43.93,-124.11,0.0
157,45.7,-121.53,0.0
159,45.57,-121.55,15.0
161,42.23,-122.38,21.0
164,42.31,-122.98,2.5
165,42.17,-122.99,2.0
166,42.28,-123.14,5.5
167,44.42,-118.96,0.0
170,44.24,-123.35,0.5
173,42.2,-121.73,4.0
174,42.21,-121.71,3.0
179,43.54,-121.49,5.5
180,44.62,-122.72,0.0
182,45.39,-122.73,0.0
183,44.1,-122.69,0.0
184,44.53,-122.9,0.0
185,44.52,-122.92,0.0
187,44.54,-122.81,0.0
190,43.36,-122.22,31.0
192,43.91,-122.76,0.0
195,45.46,-117.39,5.0
196,45.52,-117.37,4.0
200,44.76,-122.62,1.5
201,44.75,-122.61,4.0
202,44.6,-121.13,0.0
205,44.04,-123.86,0.0
206,44.61,-121.95,23.0
207,44.18,-122.16,0.5
214,42.27,-122.88,2.0
215,42.26,-122.87,2.1
216,42.26,-122.92,3.0
221,45.04,-122.6,0.1
222,45.18,-122.51,1.0
223,44.76,-123.23,0.0
225,44.33,-123.41,0.5
229,45.35,-121.95,3.0
230,43.01,-123.28,0.0
231,45.5,-122.84,0.0
233,44.62,-124.05,0.0
234,44.68,-124.06,0.0
237,45.73,-123.05,2.7
239,43.43,-123.39,1.0
240,43.75,-122.46,0.5
241,43.74,-122.44,0.0
242,43.55,-121.96,34.0
243,45.36,-122.6,0.0
245,43.65,-117.25,0.0
246,44.12,-119.85,0.5
247,45.67,-118.81,0.0
248,45.62,-118.79,0.0
250,45.7,-118.83,0.0
251,45.66,-118.8,0.0
252,45.69,-118.85,0.0
255,44.49,-123.41,0.5
256,44.63,-123.43,0.7
259,42.74,-124.4,0.0
260,45.54,-122.64,0.0
270,45.55,-122.52,0.0
271,45.6,-122.61,0.0
272,45.52,-122.69,0.0
273,45.56,-122.54,0.0
275,44.3,-120.84,0.0
279,42.73,-122.52,2.0
283,45.48,-122.77,0.0
287,42.95,-123.36,0.0
288,42.45,-123.17,0.5
289,42.49,-123.19,3.5
290,42.52,-123.16,4.0
293,42.22,-123.05,0.0
294,44.94,-123.02,0.0
296,44.94,-123.07,0.0
298,44.87,-123.04,0.0
304,44.62,-122.77,0.0
306,45.99,-123.92,0.0
307,42.29,-123.62,0.5
311,44.87,-122.65,0.0
312,45.01,-122.77,0.0
313,44.31,-121.58,3.5
328,44.84,-122.68,0.1
338,45.12,-122.07,0.0
339,45.39,-123.8,0.0
341,45.43,-123.76,0.0
343,43.28,-122.45,2.0
345,45.55,-122.39,0.0
346,45.51,-122.31,0.0
348,45.2,-117.86,0.0
349,45.88,-123.29,1.8
350,45.87,-123.19,0.0
352,45.54,-117.56,10.5
354,45.37,-122.65,0.0
355,43.68,-121.69,6.0
361,44.33,-124.1,0.0
362,44.31,-124.11,0.0
0,39.92,-76.99,0.0
1,40.54,-79.82,0.0
3,40.65,-75.45,0.0
4,40.42,-78.42,0.0
5,41.49,-75.56,0.0
6,40.49,-79.9,0.0
7,40.76,-80.31,0.0
8,40.92,-77.69,0.0
9,40.28,-78.89,0.0
11,39.93,-77.25,0.0
12,40.38,-76.03,0.0
15,40.39,-79.86,0.0
16,41.9,-78.71,0.0
17,40.34,-80.12,0.0
18,40.02,-75.33,0.0
21,40.77,-79.8,0.0
22,41.19,-75.24,0.0
23,41.65,-76.85,0.0
25,40.23,-77.19,0.0
26,39.88,-77.35,0.0
28,41.93,-79.3,0.0
29,40.15,-79.9,0.0
32,40.0,-75.8,0.0
36,40.07,-75.32,0.0
39,41.76,-78.04,0.0
40,41.74,-77.97,0.0
41,41.74,-77.12,0.0
43,40.41,-76.91,0.0
44,40.13,-79.41,0.0
48,40.11,-79.86,0.0
49,41.35,-75.77,0.0
52,40.47,-78.73,0.0
53,41.47,-78.24,0.0
54,40.5,-80.09,0.0
55,40.31,-76.94,0.0
56,42.06,-80.15,0.0
57,42.08,-80.18,0.0
59,39.98,-78.41,0.0
60,40.01,-75.6,0.0
63,40.44,-75.79,0.0
64,40.42,-75.74,0.0
65,40.72,-79.51,0.0
66,40.15,-75.2,0.0
67,41.29,-75.87,0.0
68,40.72,-80.07,0.0
70,41.4,-79.83,0.0
71,41.37,-79.85,0.0
73,40.64,-79.95,0.0
75,39.83,-78.83,0.0
77,40.55,-80.21,0.0
78,40.97,-78.59,0.0
80,39.78,-79.92,0.0
81,39.79,-77.73,0.0
82,40.57,-75.99,0.0
83,39.79,-77.04,0.0
88,40.04,-79.26,0.0
89,40.52,-78.02,0.0
91,40.6,-79.12,0.0
96,41.68,-78.8,0.0
98,41.07,-75.63,1.0
99,40.05,-76.27,0.0
100,40.21,-75.32,0.0
101,41.42,-76.49,0.0
103,40.17,-79.14,0.0
104,40.33,-76.44,0.0
105,40.33,-76.47,0.0
107,40.95,-76.88,0.0
108,40.59,-77.57,0.0
113,40.46,-79.45,0.0
118,40.28,-80.09,0.0
120,40.2,-76.77,0.0
121,41.42,-74.91,1.0
122,40.25,-76.0,0.0
123,40.65,-80.39,0.0
124,40.53,-80.22,0.0
128,40.05,-76.69,0.0
129,41.14,-76.77,0.0
130,40.41,-79.72,0.0
131,40.61,-79.72,0.0
132,40.15,-74.95,0.0
133,40.38,-79.07,0.0
134,40.08,-76.07,0.0
135,41.86,-75.71,0.0
136,40.18,-75.92,0.0
137,40.2,-79.63,0.0
138,42.22,-79.86,0.0
144,40.36,-75.52,0.0
145,40.38,-75.28,0.0
146,39.96,-75.14,0.0
147,39.87,-75.23,0.0
148,40.87,-78.22,0.0
151,40.48,-80.21,0.0
152,40.87,-77.75,0.0
153,41.74,-75.45,1.0
154,39.73,-79.91,0.0
156,40.79,-78.01,0.0
157,40.94,-75.14,1.0
160,40.92,-79.28,0.0
161,39.96,-78.56,0.0
162,40.32,-75.99,0.0
164,41.33,-77.74,0.0
166,41.42,-78.75,0.0
168,41.81,-78.14,0.0
169,39.93,-76.39,0.0
170,40.51,-79.55,0.0
171,40.75,-79.71,0.0
174,40.68,-79.67,0.0
175,40.68,-75.59,0.0
178,40.82,-76.91,0.0
179,40.36,-75.31,0.0
180,40.3,-75.96,0.0
181,40.06,-77.52,0.0
182,41.06,-80.06,0.0
184,40.0,-79.08,0.0
185,40.34,-80.12,0.0
186,40.83,-77.56,0.0
187,41.82,-80.42,0.0
188,40.57,-75.28,0.0
189,41.41,-78.53,0.0
190,40.79,-77.87,0.0
191,40.81,-77.82,0.0
192,40.82,-77.9,0.0
193,41.4,-78.02,0.0
201,41.48,-79.44,0.0
203,41.63,-79.69,0.0
204,40.66,-78.22,0.0
205,41.9,-79.86,0.0
207,39.9,-80.17,0.0
208,41.7,-77.39,0.0
213,40.47,-78.2,0.0
214,41.26,-77.01,0.0
215,41.24,-76.92,0.0
216,40.04,-78.52,0.0
0,41.74,-71.34,1.5
1,41.16,-71.57,0.0
2,41.71,-71.29,1.2
6,41.7,-71.59,0.0
7,41.71,-71.55,2.0
8,41.67,-71.56,2.0
11,41.66,-71.42,1.5
12,41.69,-71.72,1.5
13,41.89,-71.56,1.0
14,41.95,-71.67,0.4
16,41.49,-71.37,0.3
19,41.57,-71.47,1.0
21,41.53,-71.19,0.5
23,41.49,-71.45,0.5
24,41.95,-71.55,0.5
25,41.96,-71.54,0.5
26,41.57,-71.25,0.5
27,41.72,-71.43,2.0
31,41.56,-71.64,1.0
32,41.64,-71.21,1.5
33,41.6,-71.17,1.0
34,41.45,-71.49,0.5
35,41.48,-71.46,1.0
36,41.38,-71.82,0.5
37,41.4,-71.82,1.0
0,33.55,-81.7,0.0
1,34.53,-82.66,0.0
2,34.29,-82.53,0.0
3,33.29,-81.03,0.0
4,33.25,-81.24,0.0
6,35.11,-82.63,0.0
7,34.09,-82.59,0.0
8,34.86,-80.91,0.0
10,32.79,-79.94,0.0
11,32.9,-80.04,0.0
12,35.11,-81.97,0.0
13,34.68,-81.2,0.0
15,34.66,-82.82,0.0
16,34.47,-81.88,0.0
18,33.94,-81.12,0.0
21,34.67,-82.23,0.0
24,33.58,-81.79,0.0
25,34.87,-82.49,0.0
26,34.25,-82.03,0.0
27,34.91,-82.21,0.0
29,32.25,-80.74,0.0
30,33.32,-80.42,0.0
31,35.05,-82.14,0.0
32,33.28,-79.7,0.0
33,34.99,-83.07,0.0
34,33.78,-81.85,0.0
35,34.5,-82.02,0.0
36,34.2,-81.41,0.0
37,34.77,-83.25,0.0
38,34.25,-80.67,0.0
39,33.91,-82.29,0.0
41,33.76,-78.93,0.0
42,33.79,-78.96,0.0
43,33.49,-80.87,0.0
44,33.77,-81.26,0.0
45,34.88,-82.72,0.0
47,33.99,-81.77,0.0
48,34.61,-82.73,0.0
49,34.63,-81.52,0.0
50,34.85,-81.37,0.0
51,34.91,-81.91,0.0
52,33.04,-80.23,0.0
54,35.02,-82.69,0.0
55,34.61,-81.67,0.0
56,34.75,-83.08,0.0
57,34.4,-82.25,0.0
58,34.94,-81.04,0.0
59,32.7,-80.85,0.0
60,34.92,-81.2,0.0
1,45.45,-98.51,1.0
5,43.49,-99.06,0.0
7,45.41,-97.91,3.0
9,44.53,-96.52,0.0
11,44.99,-103.93,0.0
12,45.53,-102.46,0.0
14,45.45,-99.65,1.0
16,43.55,-97.5,0.0
17,45.79,-97.75,5.0
18,45.92,-97.93,7.0
26,43.31,-96.59,0.0
28,43.74,-99.31,0.0
30,44.88,-97.73,1.0
32,43.96,-101.86,0.0
33,43.77,-103.61,1.0
36,44.38,-97.55,0.0
39,44.9,-98.1,0.0
41,44.87,-101.47,0.0
42,43.31,-103.82,1.0
44,43.62,-103.92,1.0
46,44.32,-102.47,0.0
49,44.92,-102.76,1.0
50,45.03,-99.12,0.0
56,45.4,-101.81,1.0
58,43.59,-99.71,0.0
61,44.66,-97.23,0.0
63,45.92,-98.29,8.0
69,44.51,-99.44,0.0
70,43.93,-103.56,2.0
73,43.44,-103.47,0.0
74,43.44,-103.56,0.5
75,44.01,-97.53,0.0
76,44.38,-98.22,0.0
78,43.75,-101.94,0.0
81,45.6,-101.35,0.0
84,45.84,-101.87,2.0
86,44.61,-101.34,0.0
87,43.44,-102.14,0.0
88,45.77,-103.88,2.0
90,44.35,-103.74,1.0
92,45.94,-102.16,2.0
93,43.99,-97.09,0.0
95,43.17,-101.57,1.0
97,45.84,-101.28,1.0
98,43.24,-97.57,0.0
100,45.23,-96.62,1.0
101,44.52,-101.62,0.0
102,44.52,-98.98,0.0
104,43.11,-100.61,0.0
105,44.73,-100.8,0.0
106,43.72,-98.02,0.0
110,45.57,-100.45,1.0
111,45.55,-100.41,1.2
112,43.71,-97.19,0.0
114,43.89,-100.71,0.0
115,44.71,-103.43,4.0
116,44.44,-100.42,0.0
120,44.06,-103.48,1.0
122,43.02,-98.56,0.0
126,44.38,-100.29,0.0
127,44.52,-102.22,0.0
129,45.9,-100.29,2.0
131,44.07,-103.24,5.0
132,44.09,-103.3,0.5
136,44.12,-103.28,0.0
137,44.09,-103.37,0.5
139,44.13,-103.41,0.5
141,44.97,-97.15,1.0
144,45.71,-97.45,2.0
146,45.51,-100.04,1.0
147,43.53,-96.67,1.0
154,43.59,-96.73,0.0
155,45.67,-97.04,3.0
156,45.69,-96.83,3.0
157,45.66,-97.12,3.0
158,45.67,-96.99,2.0
159,44.5,-103.87,1.0
160,44.49,-103.85,1.5
164,45.43,-101.08,1.0
166,42.99,-97.87,0.0
168,42.76,-96.92,0.0
169,44.92,-97.12,0.5
171,44.91,-97.12,1.0
172,44.9,-97.15,1.2
177,45.68,-98.53,1.0
185,43.37,-99.84,0.0
188,42.88,-97.36,0.0
1,35.43,-84.58,0.0
2,36.46,-86.32,0.0
4,35.99,-86.78,0.0
5,36.48,-82.4,0.0
6,35.59,-89.26,0.0
7,36.05,-88.08,0.0
8,36.25,-85.94,0.0
11,35.83,-87.42,0.0
12,35.03,-85.2,0.0
14,35.22,-84.79,0.0
15,35.47,-85.0,0.0
16,35.64,-84.67,0.0
17,36.35,-82.25,0.0
18,36.14,-82.43,0.0
19,35.13,-86.54,0.0
21,35.69,-83.54,0.0
22,35.08,-89.74,0.0
23,36.24,-86.57,0.0
25,36.11,-82.84,0.0
26,36.15,-86.57,0.0
30,36.52,-82.53,0.0
31,35.86,-84.53,0.0
32,35.82,-83.99,0.0
33,35.9,-83.96,0.0
34,35.79,-84.26,0.0
35,35.01,-85.34,0.0
36,35.3,-86.36,0.0
37,36.34,-88.86,0.0
38,36.23,-83.82,0.0
39,35.63,-85.64,0.0
40,35.06,-89.99,0.0
41,35.13,-89.8,0.0
43,35.22,-85.84,0.0
45,36.21,-83.33,0.0
46,36.17,-83.4,0.0
48,35.65,-83.44,0.0
49,36.11,-86.68,0.0
50,36.11,-86.69,0.0
51,36.55,-84.17,0.0
52,35.61,-83.43,0.0
53,35.98,-83.2,0.0
54,36.21,-84.06,0.0
55,36.0,-84.22,0.0
56,36.3,-86.66,0.0
57,36.25,-86.56,0.0
58,36.5,-84.53,0.0
59,35.6,-85.19,0.0
60,35.55,-85.33,0.0
62,35.18,-87.04,0.0
64,36.16,-82.1,0.0
65,35.84,-84.69,0.0
66,36.42,-82.98,0.0
67,35.93,-83.6,0.0
68,35.2,-85.92,0.0
70,35.98,-85.55,0.0
71,35.91,-85.48,0.0
72,35.68,-84.85,0.0
73,36.47,-83.56,0.0
74,35.37,-84.3,0.0
75,35.6,-83.78,0.0
76,35.35,-86.21,0.0
77,36.45,-86.65,0.0
78,35.29,-85.47,0.0
79,35.16,-86.03,0.0
0,33.83,-101.84,0.0
1,32.43,-99.63,0.0
2,32.41,-99.68,0.0
3,35.35,-102.65,0.0
4,32.7,-99.3,0.0
5,27.74,-98.03,0.0
6,35.61,-100.1,0.0
7,30.37,-103.78,0.0
9,29.46,-101.03,0.0
10,29.12,-95.46,0.0
11,32.77,-99.89,0.0
12,26.83,-97.71,0.0
13,33.15,-100.23,0.0
14,33.12,-94.17,0.0
16,30.18,-97.68,0.0
17,30.41,-97.77,0.0
18,30.32,-97.76,0.0
19,33.62,-94.81,0.0
20,31.74,-99.98,0.0
22,28.98,-95.97,0.0
23,29.91,-94.99,0.0
26,28.46,-97.71,0.0
27,30.03,-96.22,0.0
28,27.6,-98.42,0.0
29,32.37,-101.42,0.0
30,32.27,-101.49,0.0
32,36.45,-100.54,0.0
33,35.53,-102.26,0.0
34,31.14,-99.35,0.0
35,35.62,-103.01,0.0
36,30.16,-96.4,0.0
38,33.19,-102.27,0.0
39,25.91,-97.42,0.0
40,31.72,-99.01,0.0
41,29.76,-98.44,0.0
42,32.0,-99.23,0.0
43,35.19,-102.08,0.0
44,27.66,-97.4,0.0
45,28.47,-98.35,0.0
46,36.02,-100.42,0.0
47,34.98,-101.93,0.0
50,32.16,-94.34,0.0
51,29.13,-103.51,0.0
52,31.82,-94.25,0.0
54,34.44,-100.22,0.0
55,34.43,-100.28,0.0
56,29.27,-103.3,0.0
57,28.47,-98.25,0.0
58,31.17,-100.52,0.0
59,28.72,-97.17,0.0
60,30.59,-96.36,0.0
62,36.24,-102.24,0.0
63,30.33,-95.48,0.0
64,30.36,-95.42,0.0
65,27.77,-97.51,0.0
66,27.78,-97.51,0.0
67,28.46,-99.22,0.0
68,31.41,-102.36,0.0
69,31.67,-102.41,0.0
70,31.31,-95.45,0.0
71,33.65,-101.25,0.0
72,28.6,-98.55,0.0
73,33.99,-99.73,0.0
74,32.9,-97.02,0.0
76,32.84,-96.84,0.0
77,29.38,-100.93,0.0
78,32.96,-102.82,0.0
79,32.71,-94.79,0.0
80,29.46,-95.04,0.0
81,34.59,-102.31,0.0
84,35.87,-101.97,0.0
85,33.81,-100.52,0.0
87,31.22,-99.85,0.0
88,26.3,-98.16,0.0
89,29.2,-96.27,0.0
90,31.81,-106.38,0.0
91,30.87,-100.6,0.0
92,27.14,-98.12,0.0
93,29.97,-98.27,0.0
94,34.23,-100.96,0.0
95,34.27,-100.93,0.0
97,33.98,-101.33,0.0
98,33.88,-101.25,0.0
99,36.43,-100.14,0.0
101,31.18,-105.74,0.0
102,30.56,-102.37,0.0
104,28.98,-95.38,0.0
105,34.64,-102.72,0.0
106,33.19,-96.79,0.0
107,30.83,-100.11,0.0
108,32.83,-97.3,0.0
109,30.91,-102.92,0.0
110,32.77,-101.45,0.0
111,29.27,-94.86,0.0
112,36.01,-100.27,0.0
113,31.89,-99.63,0.0
114,36.26,-101.41,0.0
115,33.63,-100.34,0.0
116,32.45,-94.6,0.0
117,34.79,-101.9,0.0
118,26.23,-97.66,0.0
119,30.31,-99.2,0.0
120,34.37,-102.12,0.0
121,33.16,-99.74,0.0
122,32.58,-95.2,0.0
124,36.12,-100.02,0.0
125,31.85,-99.56,0.0
126,29.52,-95.24,0.0
127,30.07,-95.56,0.0
128,29.98,-95.36,0.0
130,29.62,-95.66,0.0
131,29.65,-95.28,0.0
132,29.7,-95.43,0.0
133,30.71,-95.54,0.0
134,30.74,-95.59,0.0
135,31.96,-95.27,0.0
136,33.25,-100.57,0.0
137,32.77,-94.36,0.0
139,35.19,-100.93,0.0
141,30.45,-99.8,0.0
142,30.51,-99.77,0.0
143,29.8,-95.82,0.0
144,31.02,-104.11,0.0
146,27.53,-97.85,0.0
148,26.12,-97.31,0.0
149,33.06,-101.05,0.0
150,32.82,-95.53,0.0
151,27.57,-99.5,0.0
152,27.53,-99.47,0.0
153,33.04,-96.44,0.0
154,32.08,-101.48,0.0
155,33.55,-102.38,0.0
156,32.54,-95.38,0.0
157,36.24,-100.27,0.0
158,33.87,-102.26,0.0
159,32.47,-94.72,0.0
160,32.52,-94.72,0.0
161,32.35,-94.65,0.0
162,32.39,-94.71,0.0
163,28.45,-99.07,0.0
164,33.5,-101.92,0.0
165,33.69,-101.82,0.0
167,33.53,-101.88,0.0
168,31.34,-94.73,0.0
169,31.24,-94.75,0.0
171,30.19,-103.27,0.0
172,32.49,-94.33,0.0
173,30.75,-99.23,0.0
174,30.75,-99.24,0.0
175,34.03,-100.81,0.0
176,28.04,-97.87,0.0
177,33.33,-94.34,0.0
178,26.19,-98.25,0.0
179,26.18,-98.24,0.0
181,34.73,-100.54,0.0
182,31.44,-100.88,0.0
183,32.01,-102.15,0.0
184,31.95,-102.21,0.0
185,32.63,-95.48,0.0
186,35.63,-100.45,0.0
187,33.72,-102.76,0.0
188,30.71,-104.02,0.0
189,33.17,-95.01,0.0
190,33.2,-95.22,0.0
191,34.22,-102.73,0.0
192,33.95,-102.78,0.0
193,31.62,-94.64,0.0
194,33.45,-94.41,0.0
195,29.72,-98.17,0.0
196,29.71,-98.05,0.0
197,29.7,-98.03,0.0
198,31.97,-95.14,0.0
200,32.89,-97.21,0.0
201,34.26,-100.6,0.0
202,31.84,-102.36,0.0
204,31.84,-102.49,0.0
205,34.18,-102.14,0.0
206,33.88,-100.38,0.0
207,33.81,-100.3,0.0
208,28.72,-96.25,0.0
209,35.55,-100.97,0.0
210,35.57,-100.93,0.0
211,29.33,-103.21,0.0
213,29.66,-103.17,0.0
214,30.44,-97.61,0.0
216,33.6,-100.53,0.0
217,33.19,-102.83,0.0
218,34.19,-101.7,0.0
219,34.2,-101.75,0.0
220,28.96,-98.48,0.0
221,28.66,-96.56,0.0
222,26.16,-97.34,0.0
223,33.2,-101.37,0.0
224,32.37,-99.19,0.0
226,31.22,-98.58,0.0
227,29.19,-102.96,0.0
228,33.9,-100.86,0.0
229,27.79,-97.66,0.0
230,28.08,-97.05,0.0
231,32.45,-100.53,0.0
232,33.19,-99.9,0.0
233,31.81,-95.14,0.0
234,29.33,-99.47,0.0
236,31.06,-94.1,0.0
237,31.35,-100.49,0.0
238,31.37,-100.49,0.0
240,29.54,-98.48,0.0
243,29.93,-97.92,0.0
244,31.28,-98.76,0.0
245,35.7,-101.55,0.0
246,31.59,-99.23,0.0
248,32.71,-102.66,0.0
249,33.69,-101.99,0.0
250,34.47,-101.3,0.0
252,33.44,-101.65,0.0
253,32.71,-100.91,0.0
254,33.48,-100.88,0.0
257,32.94,-99.8,0.0
258,31.84,-100.98,0.0
259,33.17,-101.81,0.0
260,29.35,-103.6,0.0
261,33.44,-94.08,0.0
262,36.38,-103.02,0.0
263,28.58,-98.12,0.0
264,33.31,-99.2,0.0
265,31.4,-106.06,0.0
266,33.76,-99.86,0.0
267,34.55,-101.76,0.0
268,34.4,-100.9,0.0
269,32.23,-99.82,0.0
270,32.3,-95.31,0.0
271,32.36,-95.4,0.0
272,30.55,-104.65,0.0
273,35.28,-102.46,0.0
274,28.84,-96.92,0.0
275,28.86,-96.93,0.0
276,34.65,-101.5,0.0
278,31.62,-97.23,0.0
279,31.67,-100.73,0.0
280,31.81,-100.63,0.0
281,28.11,-97.42,0.0
282,29.14,-95.63,0.0
283,29.51,-103.43,0.0
284,33.46,-101.09,0.0
285,33.98,-98.49,0.0
286,32.04,-100.11,0.0
287,33.02,-95.24,0.0
288,30.02,-98.12,0.0
289,33.02,-99.05,0.0
1,40.59,-111.64,33.0
2,40.37,-110.3,5.0
6,38.62,-109.62,0.0
9,38.28,-112.62,0.0
10,37.08,-111.66,0.0
13,37.28,-109.56,0.0
14,37.9,-111.42,0.0
21,41.52,-112.04,0.0
22,37.64,-112.17,6.0
23,37.53,-110.72,0.0
24,39.9,-113.71,0.0
26,38.17,-109.76,0.0
27,38.29,-111.26,0.0
28,39.21,-111.01,2.0
29,38.63,-109.41,0.0
32,37.67,-113.08,0.0
33,37.64,-113.13,0.0
35,37.66,-112.99,0.0
37,40.81,-111.83,0.0
38,41.91,-112.05,2.5
40,40.62,-111.78,0.0
41,41.83,-112.06,3.0
42,40.4,-111.53,0.0
44,40.44,-109.31,1.0
45,40.17,-110.4,0.0
48,41.3,-111.81,1.0
49,41.34,-111.85,5.0
52,37.77,-111.6,0.0
53,39.11,-113.95,1.0
54,40.99,-111.93,0.0
57,40.28,-109.86,0.0
58,38.58,-112.33,0.0
59,41.05,-111.91,0.0
61,38.58,-110.71,0.0
62,40.6,-112.51,0.0
63,38.37,-110.72,0.0
66,40.46,-111.23,28.0
67,40.47,-111.4,2.0
69,37.87,-110.39,0.0
70,40.67,-111.81,0.0
71,40.67,-111.83,0.0
72,37.39,-109.07,0.0
75,40.04,-113.99,0.0
76,40.36,-109.35,0.0
77,40.37,-109.35,1.5
78,40.64,-111.28,8.0
79,37.03,-112.54,0.0
80,37.51,-111.99,0.0
82,41.83,-111.32,7.0
83,39.56,-111.87,3.0
84,39.73,-112.31,0.0
85,38.41,-111.64,0.0
88,41.67,-111.89,2.0
89,41.73,-111.86,2.0
90,41.75,-111.8,4.0
92,39.26,-111.63,2.0
93,39.27,-111.66,4.0
94,38.45,-112.22,0.0
95,38.4,-113.02,0.0
97,38.57,-109.55,0.0
98,38.59,-109.56,0.0
100,37.87,-109.35,2.0
102,40.75,-111.72,2.0
104,40.63,-111.87,0.0
105,40.19,-110.06,0.0
106,40.42,-110.05,2.0
107,39.71,-111.83,4.0
108,37.46,-113.29,0.0
111,39.38,-112.34,0.0
113,40.71,-111.3,7.0
114,41.25,-111.94,0.0
117,40.13,-109.64,0.0
121,39.63,-113.89,0.0
123,41.26,-111.84,2.0
126,40.25,-111.65,0.0
127,41.66,-111.19,2.0
128,41.91,-111.81,1.0
129,41.92,-111.82,3.8
130,40.29,-109.96,0.0
131,41.82,-113.41,3.0
135,40.77,-111.97,0.0
139,39.96,-111.78,0.0
140,39.25,-112.11,3.0
141,39.68,-111.21,36.0
142,40.6,-111.58,32.0
143,40.7,-111.54,7.0
144,40.08,-111.6,0.0
145,37.12,-113.61,0.0
146,37.25,-113.62,0.0
147,37.8,-112.94,0.0
148,39.55,-110.39,5.0
152,41.92,-111.91,1.0
154,41.05,-112.94,0.0
155,37.27,-109.93,0.0
156,40.44,-109.54,2.0
157,40.1,-112.44,1.0
158,40.79,-111.41,0.0
159,41.11,-111.91,1.0
160,39.53,-110.73,2.0
164,37.21,-112.98,0.0
0,36.67,-81.96,0.0
1,36.94,-77.9,0.0
2,38.72,-77.08,0.0
4,37.35,-77.98,0.0
5,37.33,-78.83,0.0
7,37.76,-77.49,0.0
10,37.33,-79.51,0.0
11,37.54,-79.4,0.0
12,36.86,-82.8,0.0
13,37.23,-80.41,0.0
14,37.2,-80.41,0.0
15,37.46,-77.58,0.0
16,37.07,-78.95,0.0
17,37.51,-78.53,0.0
18,37.73,-79.36,0.0
19,37.09,-81.34,0.0
20,38.03,-78.52,0.0
21,36.78,-78.48,0.0
22,36.82,-79.41,0.0
23,37.13,-80.4,0.0
24,36.62,-78.55,0.0
25,37.15,-82.49,0.0
26,37.28,-78.96,0.0
27,37.08,-80.13,0.0
28,38.2,-77.37,0.0
29,37.78,-79.92,0.0
30,37.81,-79.99,0.0
31,37.67,-77.88,0.0
34,36.56,-79.36,0.0
35,36.57,-79.33,0.0
36,37.11,-77.2,0.0
38,36.7,-77.56,0.0
39,38.87,-77.3,0.0
41,37.33,-78.39,0.0
42,37.04,-77.95,0.0
43,38.75,-77.14,0.0
44,38.26,-77.36,0.0
45,36.65,-80.92,0.0
46,37.95,-79.95,0.0
47,37.62,-79.44,0.0
48,37.66,-77.57,0.0
51,37.28,-82.09,0.0
54,38.0,-79.83,0.0
55,37.13,-79.53,0.0
56,36.6,-78.3,0.0
57,36.9,-82.04,0.0
58,37.78,-79.44,0.0
59,38.04,-78.01,0.0
61,37.32,-79.21,0.0
64,36.7,-79.87,0.0
65,36.67,-80.45,0.0
66,37.76,-75.59,0.0
67,38.31,-79.72,0.0
71,37.51,-80.1,0.0
73,37.02,-82.32,0.0
74,36.86,-76.29,0.0
75,36.9,-76.19,0.0
76,36.87,-76.23,0.0
77,37.43,-76.44,0.0
79,38.91,-77.41,0.0
80,37.58,-75.82,0.0
81,37.81,-78.26,0.0
82,37.28,-80.69,0.0
83,37.67,-79.28,0.0
84,36.76,-83.01,0.0
85,37.24,-77.39,0.0
87,36.8,-76.33,0.0
88,37.06,-80.78,0.0
89,39.14,-77.71,0.0
90,37.13,-80.57,0.0
91,37.2,-80.59,0.0
92,37.09,-81.79,0.0
94,37.59,-77.54,0.0
95,37.51,-77.32,0.0
96,38.62,-77.97,0.0
97,37.36,-79.96,0.0
98,37.32,-79.97,0.0
99,36.98,-79.9,0.0
101,36.89,-81.77,0.0
102,36.7,-78.88,0.0
104,37.66,-77.57,0.0
105,38.16,-79.07,0.0
107,38.18,-79.09,0.0
108,36.97,-77.4,0.0
109,39.04,-78.35,0.0
110,36.64,-80.25,0.0
111,36.73,-76.6,0.0
112,37.46,-77.35,0.0
113,38.89,-77.29,0.0
116,38.95,-77.26,0.0
117,36.98,-77.01,0.0
118,36.98,-77.0,0.0
119,37.74,-77.04,0.0
120,36.6,-76.44,0.0
121,37.94,-75.47,0.0
122,37.99,-76.78,0.0
123,38.93,-77.45,0.0
124,38.85,-77.03,0.0
126,37.57,-76.8,0.0
127,38.98,-77.49,0.0
128,37.3,-76.7,0.0
129,38.18,-79.58,0.0
131,37.32,-77.64,0.0
132,36.97,-82.56,0.0
133,36.77,-80.26,0.0
134,36.96,-81.09,0.0
0,44.91,-73.27,3.0
1,45.01,-71.69,5.0
4,42.84,-72.56,1.0
5,44.47,-73.15,3.9
8,44.01,-72.32,6.0
9,43.96,-73.21,4.0
14,42.98,-72.78,1.0
15,44.64,-71.89,5.0
16,44.91,-72.81,5.0
18,44.41,-71.72,5.0
19,44.58,-71.78,9.0
20,44.61,-72.31,4.0
21,44.63,-72.28,5.5
23,43.92,-72.84,5.0
28,44.32,-72.97,1.5
29,44.81,-71.89,4.0
30,44.58,-72.79,4.0
31,44.66,-72.68,4.0
32,43.29,-72.83,5.0
33,44.49,-71.7,5.5
36,43.17,-73.02,2.5
37,42.88,-72.71,2.0
39,44.32,-72.63,5.0
40,43.49,-73.13,2.0
45,44.95,-72.19,4.0
47,43.6,-72.36,6.0
48,44.17,-72.65,4.0
49,43.26,-72.91,5.0
50,44.28,-72.42,4.0
51,43.74,-72.53,7.0
55,44.36,-72.96,2.5
56,43.88,-72.8,5.0
57,43.89,-72.77,5.0
59,43.63,-72.98,2.0
60,44.23,-72.11,4.9
61,44.42,-72.02,6.0
63,44.42,-73.19,1.5
64,44.07,-72.97,3.0
66,44.46,-72.69,3.5
67,44.61,-72.05,6.0
69,44.59,-72.92,3.0
72,44.17,-73.25,6.0
76,44.36,-72.81,5.0
81,44.89,-72.44,4.5
82,43.13,-72.53,2.5
83,44.56,-72.09,5.5
84,44.44,-73.07,2.5
86,44.49,-72.43,5.0
87,43.63,-72.51,5.0
88,44.37,-72.58,3.0
2,48.49,-122.61,0.5
7,48.42,-122.61,0.0
10,46.2,-117.25,0.0
16,45.77,-122.53,0.0
23,48.72,-122.5,1.0
26,48.72,-122.35,1.5
27,48.78,-122.36,2.5
29,48.85,-122.34,1.0
34,48.56,-122.4,0.8
36,47.59,-122.61,0.0
37,47.6,-122.6,0.0
41,45.74,-122.44,0.0
42,48.59,-122.33,2.0
44,45.61,-122.51,0.0
48,46.63,-123.1,0.5
49,47.83,-120.0,3.0
54,47.98,-117.61,10.0
59,48.52,-121.76,5.0
61,48.54,-121.74,1.0
63,46.06,-122.2,1.0
64,47.95,-119.0,0.0
69,47.66,-118.16,4.0
70,47.81,-118.11,2.5
71,47.87,-118.15,4.0
76,48.75,-122.11,4.0
77,48.71,-121.14,9.0
78,46.64,-123.26,1.0
82,47.24,-121.19,35.0
83,47.31,-121.25,88.0
84,48.08,-117.19,18.0
87,47.7,-120.32,7.0
88,48.74,-118.05,5.5
93,47.87,-122.16,1.0
99,48.8,-122.71,2.9
103,48.01,-122.51,0.0
107,48.55,-123.13,0.5
118,48.89,-121.95,5.0
119,45.81,-120.84,1.0
125,48.2,-120.77,42.0
126,47.43,-123.21,5.5
131,46.21,-119.1,0.0
132,46.21,-119.17,0.0
134,46.19,-119.32,0.0
137,47.81,-122.53,0.0
145,47.0,-118.57,0.0
146,46.75,-121.81,33.0
151,46.0,-118.47,0.0
156,48.6,-120.43,21.0
157,47.59,-122.25,0.0
158,45.95,-122.56,0.0
159,47.88,-122.18,0.1
161,46.71,-122.18,8.8
162,47.85,-121.99,0.0
167,48.43,-122.39,0.0
169,48.68,-121.24,3.0
170,48.19,-117.06,18.0
171,47.87,-117.67,4.0
173,47.47,-121.68,2.0
175,48.9,-117.83,8.0
178,48.29,-122.52,0.0
181,47.33,-118.7,0.0
192,46.61,-122.69,1.5
193,46.63,-122.62,1.0
194,48.61,-122.95,0.5
197,48.96,-119.44,1.0
199,47.57,-120.6,7.5
202,48.08,-123.31,1.0
204,48.04,-123.34,2.0
205,48.04,-123.33,2.2
206,48.08,-123.47,2.0
209,48.08,-123.44,2.8
211,48.1,-123.35,0.5
212,48.11,-123.61,4.0
227,46.73,-117.18,6.0
233,46.65,-123.73,2.0
241,48.76,-118.74,2.3
245,46.34,-119.27,0.0
247,47.12,-118.37,1.0
248,47.17,-118.52,1.5
249,46.85,-123.06,0.5
251,48.73,-121.07,12.0
256,47.61,-122.31,0.0
263,47.69,-122.26,0.0
264,47.44,-122.31,0.0
265,48.58,-122.24,4.5
267,48.07,-123.08,0.5
268,48.04,-123.08,0.5
272,48.01,-123.17,1.0
274,47.69,-122.3,0.0
275,45.62,-122.22,0.0
278,47.81,-117.66,8.0
280,47.72,-117.45,5.0
281,47.59,-117.42,3.5
282,47.74,-117.34,2.5
283,47.76,-117.43,4.5
284,47.62,-117.53,3.9
285,47.68,-117.63,4.0
289,48.35,-120.73,35.0
294,47.26,-122.48,0.0
296,47.12,-117.39,1.5
297,47.7,-121.69,9.0
299,48.56,-119.03,8.0
301,48.71,-119.27,8.5
303,45.99,-121.54,16.5
304,45.73,-121.57,7.0
306,48.65,-121.69,13.0
308,45.67,-122.69,0.0
318,47.42,-120.34,5.5
319,45.73,-121.5,2.5
323,47.77,-118.72,2.0
326,48.56,-120.26,16.5
330,46.6,-120.55,0.0
1,43.42,-88.35,0.0
2,44.33,-91.92,0.0
5,45.16,-89.11,2.0
6,44.28,-88.44,0.0
7,44.29,-88.39,0.0
8,45.67,-88.9,4.0
10,43.3,-89.35,0.0
11,46.58,-90.88,1.5
13,46.55,-90.92,0.0
14,46.6,-91.08,3.5
16,44.3,-90.12,0.0
17,44.96,-92.39,0.0
18,43.46,-89.73,0.0
20,46.88,-90.86,1.5
21,46.94,-90.83,3.5
22,46.79,-90.86,5.0
24,43.46,-88.76,0.0
25,43.44,-88.85,0.0
26,43.51,-87.85,0.0
27,42.5,-89.03,0.0
28,42.52,-89.01,0.0
30,43.99,-88.94,0.0
33,44.29,-90.85,0.0
35,45.09,-91.49,0.0
36,43.16,-90.68,0.0
37,46.13,-89.62,5.0
40,44.16,-88.08,0.0
41,42.62,-89.39,0.0
43,43.05,-88.18,0.0
44,43.18,-87.98,0.0
46,46.54,-91.59,2.0
47,42.65,-88.25,0.0
49,45.97,-90.6,3.0
50,43.79,-90.8,0.0
51,42.75,-90.84,0.0
53,43.06,-89.48,0.0
54,45.29,-91.62,0.0
56,44.03,-88.15,0.0
57,44.93,-91.41,1.0
61,44.87,-91.49,0.0
62,46.17,-90.98,2.0
67,43.31,-88.71,0.0
71,43.33,-89.01,0.0
75,45.8,-91.46,2.0
76,45.36,-88.19,4.0
77,45.53,-92.02,1.0
78,42.68,-90.11,0.0
81,42.64,-88.66,0.0
82,44.35,-87.81,0.0
84,42.96,-90.12,0.0
86,42.88,-89.21,0.0
87,44.62,-91.98,0.0
90,44.77,-91.5,0.5
91,44.79,-91.52,0.0
93,44.77,-89.77,0.0
94,43.79,-88.62,0.0
97,42.67,-88.53,0.0
105,43.0,-89.44,0.0
106,45.93,-88.26,6.0
107,45.89,-88.14,4.0
108,43.77,-88.47,0.0
109,43.8,-88.45,0.0
110,44.7,-87.4,0.0
111,42.91,-88.86,0.0
116,43.57,-91.23,0.0
117,43.24,-88.12,0.0
118,46.24,-91.8,2.0
119,43.31,-87.96,0.0
123,44.47,-87.97,0.0
124,44.48,-88.14,0.0
126,44.5,-88.11,0.0
128,42.96,-88.02,0.0
130,44.12,-89.54,0.0
133,43.16,-88.3,0.0
134,46.13,-91.4,2.5
136,46.0,-91.51,2.0
137,45.78,-89.7,2.0
141,43.93,-91.24,0.0
142,43.44,-88.63,0.0
143,46.46,-90.2,0.0
145,43.32,-88.17,0.0
150,42.68,-89.08,0.0
151,42.99,-88.8,0.0
152,45.08,-91.33,0.0
154,44.26,-88.29,0.0
155,42.56,-87.86,0.0
158,42.56,-87.82,0.0
159,43.53,-88.27,0.0
160,44.46,-87.5,0.0
161,43.87,-91.27,0.0
162,43.88,-91.25,0.0
163,43.82,-91.19,0.0
164,43.57,-90.63,0.0
165,43.13,-88.54,0.0
166,46.12,-89.08,6.0
170,42.59,-88.42,0.0
171,42.6,-88.43,0.0
172,43.08,-88.9,0.0
173,42.83,-90.79,0.0
174,46.19,-89.46,8.0
175,43.32,-89.53,0.0
176,45.57,-92.49,0.0
177,43.21,-91.1,0.0
178,46.78,-90.77,2.0
180,43.06,-89.46,0.0
182,43.08,-89.47,0.0
187,43.14,-89.35,0.0
189,45.1,-87.62,1.0
190,43.7,-89.0,0.0
191,44.64,-90.13,0.0
192,44.64,-90.19,0.0
194,44.17,-90.35,0.0
195,43.79,-90.06,0.0
197,45.13,-90.34,1.0
198,45.14,-90.33,0.5
202,44.9,-91.92,1.0
207,45.18,-89.66,1.0
208,45.18,-89.85,0.0
209,43.09,-89.52,0.0
214,42.95,-87.9,0.0
216,45.89,-89.73,1.0
220,42.6,-89.67,0.0
221,43.78,-89.32,0.0
222,42.72,-89.56,0.0
225,45.17,-88.49,11.0
226,42.99,-89.74,0.0
227,42.87,-88.33,0.0
228,42.84,-88.38,0.0
229,42.85,-88.44,0.0
231,42.89,-88.14,0.0
232,44.17,-88.45,0.0
237,44.36,-88.72,0.0
240,45.95,-92.22,2.5
241,43.1,-88.49,0.0
242,43.11,-88.52,0.0
243,43.09,-88.54,0.0
245,43.1,-88.5,0.0
247,46.6,-90.65,1.5
248,44.02,-88.78,0.0
252,44.02,-88.56,0.0
253,44.01,-88.52,0.0
254,44.02,-88.59,0.0
255,44.09,-88.55,0.0
256,43.99,-88.56,0.0
258,43.79,-89.64,0.0
259,42.9,-88.59,0.0
263,42.53,-88.33,0.0
265,45.03,-87.74,2.0
267,46.07,-89.08,6.0
269,45.68,-90.4,1.0
276,43.51,-89.57,0.0
278,43.53,-89.44,0.0
279,43.05,-91.13,0.0
280,43.06,-91.14,0.0
283,44.68,-88.23,0.0
285,42.71,-87.85,0.0
288,42.7,-87.79,0.0
289,43.55,-87.95,0.0
290,43.55,-90.0,0.0
291,43.52,-90.0,0.0
292,46.12,-89.88,2.0
293,45.6,-89.45,4.0
294,45.65,-89.31,3.0
295,45.71,-89.42,3.0
296,45.63,-89.48,1.2
297,45.62,-89.41,1.0
299,45.54,-89.73,4.0
306,44.97,-92.56,0.0
307,42.73,-88.23,0.0
308,43.46,-89.97,0.0
314,43.37,-87.95,0.0
315,43.38,-87.94,0.0
317,44.76,-88.62,0.0
323,43.72,-87.71,0.0
325,44.44,-88.58,0.0
326,43.1,-87.89,0.0
328,43.33,-88.3,0.0
329,46.35,-91.84,2.0
330,42.9,-87.85,0.0
331,42.51,-89.9,0.0
332,43.94,-90.82,0.0
333,45.82,-91.88,2.0
334,45.92,-89.49,4.0
335,45.41,-92.65,1.0
336,43.13,-90.84,0.0
337,44.51,-89.59,0.0
341,45.86,-91.58,3.0
342,42.91,-89.21,0.0
343,44.82,-90.09,0.0
344,44.88,-87.34,0.0
345,44.66,-88.12,5.0
347,42.97,-88.55,0.0
348,45.38,-89.19,1.0
350,46.73,-92.07,2.0
352,46.71,-92.14,0.5
354,45.0,-88.38,7.0
358,43.49,-88.4,0.0
360,45.46,-89.73,5.0
361,43.47,-88.88,0.0
362,44.0,-91.44,0.0
364,44.14,-87.57,0.0
365,44.15,-87.57,0.0
366,44.18,-87.58,0.0
367,42.69,-88.03,0.0
370,44.04,-87.94,0.0
372,43.56,-90.88,0.0
375,45.36,-86.89,0.0
376,43.19,-88.98,0.0
378,43.18,-88.7,0.0
379,43.17,-88.74,0.0
381,44.35,-89.06,0.0
384,44.93,-89.63,1.2
386,44.04,-89.24,0.0
387,43.0,-88.02,0.0
391,43.43,-88.16,0.0
392,43.41,-88.19,0.0
393,43.9,-91.1,0.0
394,45.15,-88.74,4.0
395,42.85,-88.72,0.0
397,45.71,-89.85,3.0
399,42.82,-88.17,0.0
400,44.4,-89.83,0.0
401,43.61,-89.76,0.0
402,44.34,-89.78,0.0
403,44.36,-89.84,0.0
404,44.33,-88.17,0.0
0,37.73,-80.66,0.0
2,38.53,-79.77,0.0
3,39.27,-79.37,0.0
4,37.78,-81.12,0.0
5,37.76,-81.19,0.0
6,37.26,-81.23,0.0
7,37.3,-81.2,0.0
8,37.64,-80.88,0.0
9,38.19,-80.13,0.0
10,38.98,-80.22,0.0
11,38.85,-80.62,0.0
13,39.51,-78.3,0.0
14,39.05,-79.44,0.0
17,38.38,-81.59,0.0
19,38.31,-81.72,0.0
20,39.27,-80.35,0.0
21,37.66,-81.09,0.0
22,38.34,-80.65,0.0
23,39.1,-79.43,0.0
24,37.95,-82.4,0.0
25,38.14,-82.38,0.0
26,38.89,-79.86,0.0
27,39.46,-80.14,0.0
28,38.29,-79.82,0.0
29,38.66,-80.77,0.0
30,38.93,-80.83,0.0
31,38.91,-81.08,0.0
32,37.54,-80.66,0.0
34,39.22,-81.05,0.0
36,38.41,-82.4,0.0
37,38.37,-82.55,0.0
38,38.42,-82.03,0.0
39,39.42,-79.01,0.0
41,37.86,-80.4,0.0
42,37.87,-81.98,0.0
43,38.19,-81.37,0.0
44,38.1,-81.85,0.0
45,39.47,-77.97,0.0
46,39.47,-80.86,0.0
48,39.01,-78.95,0.0
49,39.57,-80.01,0.0
50,39.62,-79.97,0.0
51,39.91,-80.75,0.0
52,38.19,-80.85,0.0
53,37.58,-81.33,0.0
55,40.53,-80.63,0.0
56,39.65,-80.74,0.0
57,37.68,-81.62,0.0
58,39.28,-81.56,0.0
59,38.42,-82.3,0.0
62,40.15,-80.7,0.0
63,37.39,-81.08,0.0
64,37.6,-81.82,0.0
66,38.82,-81.71,0.0
68,38.86,-80.31,0.0
69,39.34,-78.77,0.0
70,38.78,-80.96,0.0
71,38.02,-80.68,0.0
72,38.38,-81.83,0.0
73,38.52,-81.65,0.0
76,38.8,-81.36,0.0
78,39.0,-80.47,0.0
81,39.51,-79.51,0.0
82,39.25,-79.51,0.0
84,39.16,-81.41,0.0
86,37.79,-80.31,0.0
0,42.73,-110.92,12.0
1,43.08,-111.0,8.5
2,43.77,-111.03,12.0
3,41.04,-107.66,0.0
4,44.38,-108.03,1.0
5,42.62,-106.36,0.0
6,42.87,-110.91,18.0
7,44.48,-104.17,1.5
8,44.68,-107.01,3.0
11,43.21,-110.4,13.0
12,42.72,-109.69,3.0
14,44.17,-106.61,0.5
15,44.28,-106.73,0.5
17,44.77,-107.52,12.0
18,42.81,-106.33,0.0
21,42.85,-106.28,0.0
24,42.9,-106.47,0.0
25,41.14,-104.79,3.0
26,41.14,-104.79,1.5
27,41.15,-104.81,1.0
28,41.15,-104.82,3.0
29,41.11,-104.6,0.7
30,41.3,-104.83,1.0
31,41.27,-104.92,1.5
33,41.14,-104.75,2.0
34,41.17,-104.77,1.0
35,41.17,-104.77,4.0
36,41.14,-104.84,3.0
39,41.2,-104.79,2.3
42,41.2,-104.72,2.5
43,41.06,-104.81,0.4
45,41.15,-104.81,2.0
46,41.16,-104.81,1.2
48,44.7,-106.33,0.6
50,44.41,-108.9,0.0
51,44.54,-109.02,0.0
55,42.93,-110.13,5.0
56,43.41,-110.16,21.0
57,44.88,-107.26,1.0
58,44.88,-107.26,2.0
60,42.76,-105.32,0.0
62,43.54,-109.66,4.0
63,44.5,-108.39,0.0
64,42.14,-109.43,2.0
65,41.99,-110.06,2.0
66,42.21,-104.52,1.0
68,44.27,-105.45,0.0
71,41.52,-109.47,1.0
73,41.15,-105.17,4.0
74,44.78,-106.96,4.0
75,43.49,-110.76,5.0
76,43.62,-110.63,9.0
79,42.49,-107.83,0.0
83,44.56,-110.4,18.0
84,44.9,-110.23,2.0
85,42.83,-108.75,0.0
87,42.76,-108.79,0.5
89,42.82,-108.73,0.0
90,41.32,-105.58,3.8
92,41.3,-105.57,1.0
93,41.32,-105.55,4.5
94,41.29,-105.54,3.9
95,41.3,-105.52,2.0
98,44.85,-106.29,0.0
99,42.2,-106.86,1.0
100,42.13,-104.39,0.0
101,44.84,-105.37,1.0
103,44.81,-108.41,0.0
106,41.32,-110.27,5.0
110,43.41,-106.28,1.0
112,43.86,-110.59,14.0
117,43.86,-104.14,0.2
118,44.46,-110.83,24.0
119,42.21,-104.56,0.0
120,44.5,-109.96,16.0
122,42.87,-109.86,2.0
123,42.86,-109.9,4.0
125,43.22,-110.02,17.5
130,44.78,-108.76,0.0
131,44.18,-107.94,1.0
132,41.8,-107.24,4.0
133,43.24,-104.29,0.0
134,41.27,-106.69,6.0
139,43.64,-104.84,0.0
143,41.51,-109.16,2.5
145,41.5,-106.79,4.0
146,44.54,-107.78,1.0
147,44.81,-106.96,3.0
148,44.81,-106.98,4.1
149,44.98,-106.85,4.0
150,44.75,-106.99,2.0
151,44.77,-107.06,4.0
152,44.84,-106.84,4.0
153,43.24,-108.11,0.0
154,42.55,-110.89,20.0
155,44.14,-110.67,31.0
156,44.58,-106.91,2.0
158,44.57,-106.93,4.5
160,44.03,-107.45,2.0
162,44.1,-107.47,1.2
164,44.06,-107.38,1.0
166,42.9,-110.98,14.0
167,42.98,-110.95,12.0
169,43.8,-108.19,0.8
170,43.73,-108.18,1.0
171,43.66,-108.38,1.0
172,43.75,-108.14,1.0
175,44.92,-110.42,5.0
176,44.09,-104.61,1.0
177,41.67,-107.98,2.0
178,44.64,-105.3,1.0
179,44.79,-105.27,1.0
181,41.83,-105.21,0.3
184,44.14,-107.94,1.0
185,44.49,-110.0,11.0
